index	theme	name	width	height	offset	datalen	format
0	G	POWERON0	320	170	0x6930	108800	rgb565
1	G	POWERON1	320	170	0x21230	108800	rgb565
2	G	Z_POWERON0	320	170	0x3bb30	108800	rgb565
3	G	Z_POWERON1	320	170	0x56430	108800	rgb565
4	G	Z_POWERON2	320	170	0x70d30	108800	rgb565
5	G	Z_POWERON3	320	170	0x8b630	108800	rgb565
6	G	Z_POWERON4	320	170	0xa5f30	108800	rgb565
7	G	Z_POWERON5	320	170	0xc0830	108800	rgb565
8	G	Z_POWERON6	320	170	0xdb130	108800	rgb565
9	G	Z_POWERON7	320	170	0xf5a30	108800	rgb565
10	G	Z_POWERON8	320	170	0x110330	108800	rgb565
11	G	Z_POWERON9	320	170	0x12ac30	108800	rgb565
12	G	Z_POWERON10	320	170	0x145530	108800	rgb565
13	G	Z_POWERON11	320	170	0x15fe30	108800	rgb565
14	G	Z_POWERON12	320	170	0x17a730	108800	rgb565
15	G	Z_POWERON13	320	170	0x195030	108800	rgb565
16	G	Z_POWERON14	320	170	0x1af930	108800	rgb565
17	G	Z_POWERON15	320	170	0x1ca230	108800	rgb565
18	G	Z_POWERON16	320	170	0x1e4b30	108800	rgb565
19	G	Z_POWERON17	320	170	0x1ff430	108800	rgb565
20	G	Z_POWERON18	320	170	0x219d30	108800	rgb565
21	G	Z_POWERON19	320	170	0x234630	108800	rgb565
22	G	Z_POWERON20	320	170	0x24ef30	108800	rgb565
23	G	Z_POWERON21	320	170	0x269830	108800	rgb565
24	G	Z_POWERON22	320	170	0x284130	108800	rgb565
25	G	Z_POWERON23	320	170	0x29ea30	108800	rgb565
26	G	Z_POWERON24	320	170	0x2b9330	108800	rgb565
27	G	Z_POWERON25	320	170	0x2d3c30	108800	rgb565
28	G	Z_POWERON26	320	170	0x2ee530	108800	rgb565
29	G	Z_POWERON27	320	170	0x308e30	108800	rgb565
30	G	Z_POWERON28	320	170	0x323730	108800	rgb565
31	G	Z_POWERON29	320	170	0x33e030	108800	rgb565
32	G	Z_POWERON30	320	170	0x358930	108800	rgb565
33	G	Z_POWERON31	320	170	0x373230	108800	rgb565
34	G	Z_POWERON32	320	170	0x38db30	108800	rgb565
35	G	Z_POWERON33	320	170	0x3a8430	108800	rgb565
36	G	Z_POWERON34	320	170	0x3c2d30	108800	rgb565
37	G	Z_POWERON35	320	170	0x3dd630	108800	rgb565
38	G	Z_POWERON36	320	170	0x3f7f30	108800	rgb565
39	G	Z_POWERON37	320	170	0x412830	108800	rgb565
40	G	Z_POWERON38	320	170	0x42d130	108800	rgb565
41	G	Z_POWERON39	320	170	0x447a30	108800	rgb565
42	G	POWEROFF0	320	170	0x462330	108800	rgb565
43	G	UPDATAEN	320	170	0x47cc30	108800	rgb565
44	G	UPDATACH_(0,0).BMP	320	170	0x497530	108800	rgb565
45	G	BKTIMEX	320	170	0x4b1e30	108800	rgb565
46	G	CHARGELEVEL0	320	170	0x4cc730	108800	rgb565
47	G	CHARGELEVEL1	320	170	0x4e7030	108800	rgb565
48	G	CHARGELEVEL2	320	170	0x501930	108800	rgb565
49	G	CHARGELEVEL3	320	170	0x51c230	108800	rgb565
50	G	CHARGELEVEL4	320	170	0x536b30	108800	rgb565
51	G	CHARGELEVEL5	1	1	0x551430	2	rgb565
52	G	CKEY0	42	56	0x551432	4704	rgb565
53	G	CKEY1	42	56	0x552692	4704	rgb565
54	G	CKEY2	42	56	0x5538f2	4704	rgb565
55	G	CKEY3	42	56	0x554b52	4704	rgb565
56	G	CKEY4	42	56	0x555db2	4704	rgb565
57	G	CKEY5	42	56	0x557012	4704	rgb565
58	G	CKEY6	42	56	0x558272	4704	rgb565
59	G	CKEY7	42	56	0x5594d2	4704	rgb565
60	G	CKEY8	42	56	0x55a732	4704	rgb565
61	G	CKEY9	42	56	0x55b992	4704	rgb565
62	G	CKEY10	23	13	0x55cbf2	598	rgb565
63	G	CKEY11	22	13	0x55ce48	572	rgb565
64	G	TIME_A	18	9	0x55d084	324	rgb565
65	G	TIME_U	18	9	0x55d1c8	324	rgb565
66	G	BKTIME	320	170	0x55d30c	108800	rgb565
67	A	ASTYLE	20	24	0x577c0c	960	rgb565
68	A	USB_BACKGROUND	320	170	0x577fcc	108800	rgb565
69	A	MAINMENUPAGE10	320	170	0x5928cc	108800	rgb565
70	A	MAINMENUPAGE20	320	170	0x5ad1cc	108800	rgb565
71	A	MAINMENUPAGE30	320	170	0x5c7acc	108800	rgb565
72	A	MAINMENUPAGE40	320	170	0x5e23cc	108800	rgb565
73	A	MAINMENUPAGE50	320	170	0x5fcccc	108800	rgb565
74	A	MESSAGEBOX_BACKGROUND	240	100	0x6175cc	48000	rgb565
75	A	DIALOGBOX_BACKGROUND	240	100	0x62314c	48000	rgb565
76	A	DIALOGBOX_BUTTONNO	188	28	0x62eccc	10528	rgb565
77	A	DIALOGBOX_BUTTONYES	188	28	0x6315ec	10528	rgb565
78	A	LOWPOWER	240	100	0x633f0c	48000	rgb565
79	A	MUSIC_BACKGROUND	320	170	0x63fa8c	108800	rgb565
80	A	MUSIC_BOTTOM	260	17	0x65a38c	8840	rgb565
81	A	MUSIC_BPSBACKGROND	5	5	0x65c614	50	rgb565
82	A	MUSIC_PLAY_STATE	10	13	0x65c646	260	rgb565
83	A	MUSIC_PAUSE_STATE	12	13	0x65c74a	312	rgb565
84	A	MUSIC_LOOP_MODE02	16	16	0x65c882	512	rgb565
85	A	MUSIC_LOOP_MODE03	16	14	0x65ca82	448	rgb565
86	A	MUSIC_LOOP_MODE04	16	16	0x65cc42	512	rgb565
87	A	MUSIC_LOOP_MODE05	16	14	0x65ce42	448	rgb565
88	A	MUSIC_LOOP_MODE06	15	16	0x65d002	480	rgb565
89	A	MUSIC_LOOP_MODE07	25	20	0x65d1e2	1000	rgb565
90	A	MUSIC_ORDER_MODE03	17	13	0x65d5ca	442	rgb565
91	A	MUSIC_ORDER_MODE04	16	14	0x65d784	448	rgb565
92	A	MUSIC_A_B_MODE_BACK	36	11	0x65d944	792	rgb565
93	A	MUSIC_A_MODE	36	11	0x65dc5c	792	rgb565
94	A	MUSIC_A_B_MODE	36	11	0x65df74	792	rgb565
95	A	MUSIC_BATTERY01	20	12	0x65e28c	480	rgb565
96	A	MUSIC_BATTERY02	20	12	0x65e46c	480	rgb565
97	A	MUSIC_BATTERY03	20	12	0x65e64c	480	rgb565
98	A	MUSIC_BATTERY04	20	12	0x65e82c	480	rgb565
99	A	MUSIC_BATTERY05	20	12	0x65ea0c	480	rgb565
100	A	MUSIC_SMALLLOCK	12	12	0x65ebec	288	rgb565
101	A	MUSIC_SMALLLOCK_BACK	12	12	0x65ed0c	288	rgb565
102	A	FM_FREGUAGE	1	2	0x65ee2c	4	rgb565
103	A	FM_FREGUAGE_BK	1	2	0x65ee30	4	rgb565
104	A	BROWSER_FILETYPE_FOLDER_BLUE	12	14	0x65ee34	336	rgb565
105	A	BROWSER_FILETYPE_MUSIC_BLUE	12	14	0x65ef84	336	rgb565
106	A	BROWSER_FILETYPE_VIDEO_BLUE	21	20	0x65f0d4	840	rgb565
107	A	BROWSER_FILETYPE_TEXT_BLUE	12	14	0x65f41c	336	rgb565
108	A	BROWSER_FILETYPE_PICTURE_BLUE	12	14	0x65f56c	336	rgb565
109	A	BROWSER_FILETYPE_OTHER_BLUE	12	14	0x65f6bc	336	rgb565
110	A	BROWSER_FILETYPE_FOLDER	12	14	0x65f80c	336	rgb565
111	A	BROWSER_FILETYPE_MUSIC	12	14	0x65f95c	336	rgb565
112	A	BROWSER_FILETYPE_VIDEO	20	20	0x65faac	800	rgb565
113	A	BROWSER_FILETYPE_TEXT	12	14	0x65fdcc	336	rgb565
114	A	BROWSER_FILETYPE_PICTURE	12	14	0x65ff1c	336	rgb565
115	A	BROWSER_FILETYPE_OTHER	12	14	0x66006c	336	rgb565
116	A	BROWSER_FILETYPE_FOLDER_RED	12	14	0x6601bc	336	rgb565
117	A	BROWSER_FILETYPE_MUSIC_RED	12	14	0x66030c	336	rgb565
118	A	BROWSER_FILETYPE_VIDEO_RED	21	20	0x66045c	840	rgb565
119	A	BROWSER_FILETYPE_TEXT_RED	12	14	0x6607a4	336	rgb565
120	A	BROWSER_FILETYPE_PICTURE_RED	12	14	0x6608f4	336	rgb565
121	A	BROWSER_FILETYPE_OTHER_RED	12	14	0x660a44	336	rgb565
122	A	BROWSER_BACKGROUND	320	170	0x660b94	108800	rgb565
123	A	ICON_SELBLUE	15	15	0x67b494	450	rgb565
124	A	ICON_SEL	15	15	0x67b656	450	rgb565
125	A	ICON_SEL1	15	15	0x67b818	450	rgb565
126	A	JEPG_ICON	16	16	0x67b9da	512	rgb565
127	A	MUSIC_ICON	16	16	0x67bbda	512	rgb565
128	A	PLAY_SCROLL	1	7	0x67bdda	14	rgb565
129	A	PLAY_SCROLLBLANK	1	7	0x67bde8	14	rgb565
130	A	PONIT_NOSELBLUE	15	15	0x67bdf6	450	rgb565
131	A	PONIT_NOSEL	15	15	0x67bfb8	450	rgb565
132	A	PONIT_NOSEL1	15	15	0x67c17a	450	rgb565
133	A	SEL_ICON	129	24	0x67c33c	6192	rgb565
134	A	SEL_ICON1	129	24	0x67db6c	6192	rgb565
135	A	SEL_ICON2	129	24	0x67f39c	6192	rgb565
136	A	SEL_ICON3	129	24	0x680bcc	6192	rgb565
137	A	SEL_ICON4	179	24	0x6823fc	8592	rgb565
138	A	SEL_ICON5	179	24	0x68458c	8592	rgb565
139	A	SEL_ICON6	179	24	0x68671c	8592	rgb565
140	A	SEL_ICONPART	150	47	0x6888ac	14100	rgb565
141	A	SEL_ICONPART0	100	40	0x68bfc0	8000	rgb565
142	A	WARNING_BOX	240	100	0x68df00	48000	rgb565
143	A	NOSEL00_ICON	37	16	0x699a80	1184	rgb565
144	A	MEIDASORTBAK0	90	16	0x699f20	2880	rgb565
145	A	MEIDASORTBAK1	90	16	0x69aa60	2880	rgb565
146	A	MEIDASORTBAK2	90	16	0x69b5a0	2880	rgb565
147	A	MEIDASORTBAK3	90	16	0x69c0e0	2880	rgb565
148	A	MDB_BACKGROUND	320	170	0x69cc20	108800	rgb565
149	A	NOWPLAY_BLUE	21	20	0x6b7520	840	rgb565
150	A	ALLMUSIC_BLUE	21	20	0x6b7868	840	rgb565
151	A	SINGER_BLUE	21	20	0x6b7bb0	840	rgb565
152	A	ABLUM_BLUE	21	20	0x6b7ef8	840	rgb565
153	A	GENRE_BLUE	21	20	0x6b8240	840	rgb565
154	A	LIST_BLUE	21	20	0x6b8588	840	rgb565
155	A	MYFAVO_BLUE	21	20	0x6b88d0	840	rgb565
156	A	MEDIAUPDATA_BLUE	21	21	0x6b8c18	882	rgb565
157	A	BREAKPOINT_PLAY_BLUE	21	20	0x6b8f8a	840	rgb565
158	A	NOWPLAY	20	20	0x6b92d2	800	rgb565
159	A	ALLMUSIC	20	20	0x6b95f2	800	rgb565
160	A	SINGER	20	20	0x6b9912	800	rgb565
161	A	ABLUM	21	20	0x6b9c32	840	rgb565
162	A	GENRE	20	20	0x6b9f7a	800	rgb565
163	A	LIST	20	20	0x6ba29a	800	rgb565
164	A	MYFAVO	21	20	0x6ba5ba	840	rgb565
165	A	MEDIAUPDATA	20	20	0x6ba902	800	rgb565
166	A	BREAKPOINT_PLAY	20	20	0x6bac22	800	rgb565
167	A	NOWPLAY_RED	21	20	0x6baf42	840	rgb565
168	A	ALLMUSIC_RED	21	20	0x6bb28a	840	rgb565
169	A	SINGER_RED	21	20	0x6bb5d2	840	rgb565
170	A	ABLUM_RED	21	20	0x6bb91a	840	rgb565
171	A	GENRE_RED	21	20	0x6bbc62	840	rgb565
172	A	LIST_RED	21	20	0x6bbfaa	840	rgb565
173	A	MYFAVO_RED	21	20	0x6bc2f2	840	rgb565
174	A	MEDIAUPDATA_RED	21	21	0x6bc63a	882	rgb565
175	A	BREAKPOINT_PLAY_RED	21	20	0x6bc9ac	840	rgb565
176	A	FILE_NUMBER_UP00	7	10	0x6bccf4	140	rgb565
177	A	FILE_NUMBER_UP01	7	10	0x6bcd80	140	rgb565
178	A	FILE_NUMBER_UP02	7	10	0x6bce0c	140	rgb565
179	A	FILE_NUMBER_UP03	7	10	0x6bce98	140	rgb565
180	A	FILE_NUMBER_UP04	7	10	0x6bcf24	140	rgb565
181	A	FILE_NUMBER_UP05	7	10	0x6bcfb0	140	rgb565
182	A	FILE_NUMBER_UP06	7	10	0x6bd03c	140	rgb565
183	A	FILE_NUMBER_UP07	7	10	0x6bd0c8	140	rgb565
184	A	FILE_NUMBER_UP08	7	10	0x6bd154	140	rgb565
185	A	FILE_NUMBER_UP09	7	10	0x6bd1e0	140	rgb565
186	A	FILE_NUMBER_UP10	4	9	0x6bd26c	72	rgb565
187	A	FILE_NUMBER_UP11	2	9	0x6bd2b4	36	rgb565
188	A	MUSIC_EQ_NOR	21	14	0x6bd2d8	588	rgb565
189	A	MUSIC_EQ_RETRO	21	14	0x6bd524	588	rgb565
190	A	MUSIC_EQ_BAS	21	14	0x6bd770	588	rgb565
191	A	MUSIC_EQ_HEAVY	21	14	0x6bd9bc	588	rgb565
192	A	MUSIC_EQ_POP	21	14	0x6bdc08	588	rgb565
193	A	MUSIC_EQ_JAZ	20	14	0x6bde54	560	rgb565
194	A	MUSIC_EQ_MS	20	14	0x6be084	560	rgb565
195	A	MUSIC_EQ_USE	20	14	0x6be2b4	560	rgb565
196	A	MUSIC_SLIDER	10	10	0x6be4e4	200	rgb565
197	A	MUSIC_SLIDERBK	10	10	0x6be5ac	200	rgb565
198	A	RECORDER_RECORDING1	320	60	0x6be674	38400	rgb565
199	A	RECORDER_RECORDING2	320	60	0x6c7c74	38400	rgb565
200	A	RECORDER_RECORDING3	320	60	0x6d1274	38400	rgb565
201	A	RECORDER_RECORDING4	320	60	0x6da874	38400	rgb565
202	A	RECORDER_RECORDING5	320	60	0x6e3e74	38400	rgb565
203	A	RECORDER_RECORDING6	320	60	0x6ed474	38400	rgb565
204	A	RECORDER_RECORDING7	320	60	0x6f6a74	38400	rgb565
205	A	RECORDER_RECORDING8	320	60	0x700074	38400	rgb565
206	A	RECORDER_RECORDING9	320	60	0x709674	38400	rgb565
207	A	RECORDER_RECORDING10	320	60	0x712c74	38400	rgb565
208	A	RECORDER_RECORDING11	320	60	0x71c274	38400	rgb565
209	A	RECORDER_RECORDING12	320	60	0x725874	38400	rgb565
210	A	SM_COM_VOLUME_000	320	170	0x72ee74	108800	rgb565
211	A	SM_COM_VOLUME_001	320	59	0x749774	37760	rgb565
212	A	SM_COM_VOLUME_002	320	59	0x752af4	37760	rgb565
213	A	SM_COM_VOLUME_003	320	59	0x75be74	37760	rgb565
214	A	SM_COM_VOLUME_004	320	59	0x7651f4	37760	rgb565
215	A	SM_COM_VOLUME_005	320	59	0x76e574	37760	rgb565
216	A	SM_COM_VOLUME_006	2	9	0x7778f4	36	rgb565
217	A	SM_COM_VOLUME_007	2	6	0x777918	24	rgb565
218	A	SM_COM_VOLUME_008	99	16	0x777930	3168	rgb565
219	A	SM_COM_VOLUME_009	155	91	0x778590	28210	rgb565
220	A	CARDNO	9	11	0x77f3c2	198	rgb565
221	A	CARDHAVE	9	11	0x77f488	198	rgb565
222	A	EARNO	15	14	0x77f54e	420	rgb565
223	A	EARHAVE	15	14	0x77f6f2	420	rgb565
224	A	KEY0	21	20	0x77f896	840	rgb565
225	A	KEY1	20	20	0x77fbde	800	rgb565
226	A	KEY2	21	21	0x77fefe	882	rgb565
227	A	KEY3	20	20	0x780270	800	rgb565
228	A	KEY4	21	21	0x780590	882	rgb565
229	A	KEY5	20	20	0x780902	800	rgb565
230	A	KEY6	21	21	0x780c22	882	rgb565
231	A	KEY7	20	20	0x780f94	800	rgb565
232	A	KEY8	21	21	0x7812b4	882	rgb565
233	A	KEY9	20	20	0x781626	800	rgb565
234	A	KEY10	21	21	0x781946	882	rgb565
235	A	KEY11	20	20	0x781cb8	800	rgb565
236	A	KEY12	21	20	0x781fd8	840	rgb565
237	A	KEY13	20	20	0x782320	800	rgb565
238	A	KEY14	21	21	0x782640	882	rgb565
239	A	KEY15	20	20	0x7829b2	800	rgb565
240	A	KEY16	21	20	0x782cd2	840	rgb565
241	A	KEY17	20	20	0x78301a	800	rgb565
242	A	KEY18	21	21	0x78333a	882	rgb565
243	A	KEY19	20	20	0x7836ac	800	rgb565
244	A	KEY20	15	15	0x7839cc	450	rgb565
245	A	KEY21	15	15	0x783b8e	450	rgb565
246	A	KEY22	3	4	0x783d50	24	rgb565
247	A	KEY23	21	20	0x783d68	840	rgb565
248	A	KEY24	20	19	0x7840b0	760	rgb565
249	A	KEY25	21	20	0x7843a8	840	rgb565
250	A	KEY26	20	20	0x7846f0	800	rgb565
251	A	KEY27	21	20	0x784a10	840	rgb565
252	A	KEY28	20	20	0x784d58	800	rgb565
253	A	KEY29	20	20	0x785078	800	rgb565
254	A	KEY30	20	20	0x785398	800	rgb565
255	A	KEY31	20	19	0x7856b8	760	rgb565
256	A	KEY32	20	20	0x7859b0	800	rgb565
257	A	KEY33	19	20	0x785cd0	760	rgb565
258	A	KEY40	47	12	0x785fc8	1128	rgb565
259	A	KEY41	48	12	0x786430	1152	rgb565
260	A	KEY42	52	12	0x7868b0	1248	rgb565
261	A	KEY43	53	12	0x786d90	1272	rgb565
262	A	KEY44	47	12	0x787288	1128	rgb565
263	A	KEY51	20	20	0x7876f0	800	rgb565
264	A	KEY52	20	19	0x787a10	760	rgb565
265	A	KEY53	20	19	0x787d08	760	rgb565
266	A	KEY54	20	19	0x788000	760	rgb565
267	A	KEY55	21	20	0x7882f8	840	rgb565
268	A	KEY56	20	20	0x788640	800	rgb565
269	A	KEY57	20	20	0x788960	800	rgb565
270	A	KEY58	19	19	0x788c80	722	rgb565
271	A	KEYCHANGE	176	66	0x788f52	23232	rgb565
272	A	KEYCH0	21	20	0x78ea12	840	rgb565
273	A	KEYCH1	21	20	0x78ed5a	840	rgb565
274	A	TIME_BACK_BOX	320	170	0x78f0a2	108800	rgb565
275	A	TIME_BACK_BOXE	40	40	0x7a99a2	3200	rgb565
276	A	TIME_NUM1_00	10	16	0x7aa622	320	rgb565
277	A	TIME_NUM1_01	10	16	0x7aa762	320	rgb565
278	A	TIME_NUM1_02	10	16	0x7aa8a2	320	rgb565
279	A	TIME_NUM1_03	10	16	0x7aa9e2	320	rgb565
280	A	TIME_NUM1_04	10	16	0x7aab22	320	rgb565
281	A	TIME_NUM1_05	10	16	0x7aac62	320	rgb565
282	A	TIME_NUM1_06	10	16	0x7aada2	320	rgb565
283	A	TIME_NUM1_07	10	16	0x7aaee2	320	rgb565
284	A	TIME_NUM1_08	10	16	0x7ab022	320	rgb565
285	A	TIME_NUM1_09	10	16	0x7ab162	320	rgb565
286	A	TIME_NUM1_10	10	16	0x7ab2a2	320	rgb565
287	A	TIME_NUM1_11	10	16	0x7ab3e2	320	rgb565
288	A	TIME_NUM3_00	9	12	0x7ab522	216	rgb565
289	A	TIME_NUM3_01	9	12	0x7ab5fa	216	rgb565
290	A	TIME_NUM3_02	9	12	0x7ab6d2	216	rgb565
291	A	TIME_NUM3_03	9	12	0x7ab7aa	216	rgb565
292	A	TIME_NUM3_04	9	12	0x7ab882	216	rgb565
293	A	TIME_NUM3_05	9	12	0x7ab95a	216	rgb565
294	A	TIME_NUM3_06	9	12	0x7aba32	216	rgb565
295	A	TIME_NUM3_07	9	12	0x7abb0a	216	rgb565
296	A	TIME_NUM3_08	9	12	0x7abbe2	216	rgb565
297	A	TIME_NUM3_09	9	12	0x7abcba	216	rgb565
298	A	TIME_NUM3_10	4	9	0x7abd92	72	rgb565
299	A	MCARDYES	16	14	0x7abdda	448	rgb565
300	A	MCARDYES1	16	14	0x7abf9a	448	rgb565
301	A	MCARDNO	20	20	0x7ac15a	800	rgb565
302	A	MCARDNO1	21	20	0x7ac47a	840	rgb565
303	A	MCARDNO2	20	20	0x7ac7c2	800	rgb565
304	A	MCARDNO3	21	20	0x7acae2	840	rgb565
305	A	BTOFF	11	12	0x7ace2a	264	rgb565
306	A	BTON	11	12	0x7acf32	264	rgb565
307	A	BTOK	11	12	0x7ad03a	264	rgb565
308	A	MENUDOT	22	2	0x7ad142	88	rgb565
309	A	MYLOVE	13	11	0x7ad19a	286	rgb565
310	A	MYLOVEX	13	11	0x7ad2b8	286	rgb565
311	A	MYLOVEB	13	12	0x7ad3d6	312	rgb565
312	A	MYLOVEBX	13	12	0x7ad50e	312	rgb565
313	A	MAINMENU_PLAYING	1	1	0x7ad646	2	rgb565
314	A	AAKEY32	18	12	0x7ad648	432	rgb565
315	A	AAKEY33	18	11	0x7ad7f8	396	rgb565
316	A	AAKEY35	18	12	0x7ad984	432	rgb565
317	A	AKEY32	21	13	0x7adb34	546	rgb565
318	A	AAKEY34	20	20	0x7add56	800	rgb565
319	A	AAKEY36	20	20	0x7ae076	800	rgb565
320	A	BATTC0	20	12	0x7ae396	480	rgb565
321	A	BATTC1	20	12	0x7ae576	480	rgb565
322	A	BATTC2	20	12	0x7ae756	480	rgb565
323	A	BATTC3	20	12	0x7ae936	480	rgb565
324	A	BATTC4	20	12	0x7aeb16	480	rgb565
325	A	MUSIC_BACKGROUND1	320	170	0x7aecf6	108800	rgb565
326	A	MUSIC_BACKGROUND2	159	100	0x7c95f6	31800	rgb565
327	A	AKEY32A	21	13	0x7d122e	546	rgb565
328	A	MUSIC_BOTTOMA	158	17	0x7d1450	5372	rgb565
329	A	SEL_ICONPART0A	120	14	0x7d294c	3360	rgb565
330	A	SEL_ICONPART0B	96	14	0x7d366c	2688	rgb565
331	A	SEL_ICONPART0C	95	14	0x7d40ec	2660	rgb565
332	A	VOLNUM_00	7	13	0x7d4b50	182	rgb565
333	A	VOLNUM_01	7	13	0x7d4c06	182	rgb565
334	A	VOLNUM_02	7	13	0x7d4cbc	182	rgb565
335	A	VOLNUM_03	7	13	0x7d4d72	182	rgb565
336	A	VOLNUM_04	7	13	0x7d4e28	182	rgb565
337	A	VOLNUM_05	7	13	0x7d4ede	182	rgb565
338	A	VOLNUM_06	7	13	0x7d4f94	182	rgb565
339	A	VOLNUM_07	7	13	0x7d504a	182	rgb565
340	A	VOLNUM_08	7	13	0x7d5100	182	rgb565
341	A	VOLNUM_09	7	13	0x7d51b6	182	rgb565
342	A	VOLNUM_L	7	13	0x7d526c	182	rgb565
343	A	VOLNUM_R	8	13	0x7d5322	208	rgb565
344	A	VOLNUM_X	179	142	0x7d53f2	50836	rgb565
345	A	VOLNUM_Y	7	15	0x7e1a86	210	rgb565
346	A	VOLNUM_YY	7	15	0x7e1b58	210	rgb565
347	A	VOLNUM_Z	1	8	0x7e1c2a	16	rgb565
348	A	MUSIC_B	136	127	0x7e1c3a	34544	rgb565
349	A	SETMENU_USERSEL01	24	127	0x7ea32a	6096	rgb565
350	A	SETMENU_USERSEL02	24	10	0x7ebafa	480	rgb565
351	A	SETMENU_USERNOSEL01	24	127	0x7ebcda	6096	rgb565
352	A	SETMENU_USERNOSEL02	24	10	0x7ed4aa	480	rgb565
353	A	SETMENU_USEREQSETTING	320	170	0x7ed68a	108800	rgb565
354	A	P_GREENC0	12	19	0x807f8a	456	rgb565
355	A	P_GREENC1	12	19	0x808152	456	rgb565
356	A	P_GREENC2	12	19	0x80831a	456	rgb565
357	A	P_GREENC3	12	19	0x8084e2	456	rgb565
358	A	P_GREENC4	12	19	0x8086aa	456	rgb565
359	A	P_GREENC5	12	19	0x808872	456	rgb565
360	A	P_GREENC6	12	19	0x808a3a	456	rgb565
361	A	P_GREENC7	12	19	0x808c02	456	rgb565
362	A	P_GREENC8	12	19	0x808dca	456	rgb565
363	A	P_GREENC9	12	19	0x808f92	456	rgb565
364	A	USB_DAC	320	170	0x80915a	108800	rgb565
365	A	USB_DATA	320	170	0x823a5a	108800	rgb565
366	A	USB_DACSHOW1	320	62	0x83e35a	39680	rgb565
367	A	USB_DACSHOW2	320	62	0x847e5a	39680	rgb565
368	A	USB_DACSHOW3	320	62	0x85195a	39680	rgb565
369	A	USB_DACSHOW4	320	62	0x85b45a	39680	rgb565
370	A	USB_DACSHOW5	320	62	0x864f5a	39680	rgb565
371	A	USB_PLAYER	320	170	0x86ea5a	108800	rgb565
372	A	USB_PLAYER1	320	62	0x88935a	39680	rgb565
373	A	USB_PLAYER2	320	62	0x892e5a	39680	rgb565
374	A	USB_PLAYER3	320	62	0x89c95a	39680	rgb565
375	A	USB_PLAYER4	320	62	0x8a645a	39680	rgb565
376	A	USB_PLAYER5	320	62	0x8aff5a	39680	rgb565
377	B	BSTYLE	20	24	0x8b9a5a	960	rgb565
378	B	BUSB_BACKGROUND	320	170	0x8b9e1a	108800	rgb565
379	B	BMAINMENUPAGE10	320	170	0x8d471a	108800	rgb565
380	B	BMAINMENUPAGE20	320	170	0x8ef01a	108800	rgb565
381	B	BMAINMENUPAGE30	320	170	0x90991a	108800	rgb565
382	B	BMAINMENUPAGE40	320	170	0x92421a	108800	rgb565
383	B	BMAINMENUPAGE50	320	170	0x93eb1a	108800	rgb565
384	B	BMESSAGEBOX_BACKGROUND	240	100	0x95941a	48000	rgb565
385	B	BDIALOGBOX_BACKGROUND	240	100	0x964f9a	48000	rgb565
386	B	BDIALOGBOX_BUTTONNO	188	28	0x970b1a	10528	rgb565
387	B	BDIALOGBOX_BUTTONYES	188	28	0x97343a	10528	rgb565
388	B	BLOWPOWER	240	100	0x975d5a	48000	rgb565
389	B	BMUSIC_BACKGROUND	320	170	0x9818da	108800	rgb565
390	B	BMUSIC_BOTTOM	260	17	0x99c1da	8840	rgb565
391	B	BMUSIC_BPSBACKGROND	5	5	0x99e462	50	rgb565
392	B	BMUSIC_PLAY_STATE	10	13	0x99e494	260	rgb565
393	B	BMUSIC_PAUSE_STATE	12	13	0x99e598	312	rgb565
394	B	BMUSIC_LOOP_MODE02	16	16	0x99e6d0	512	rgb565
395	B	BMUSIC_LOOP_MODE03	16	16	0x99e8d0	512	rgb565
396	B	BMUSIC_LOOP_MODE04	16	16	0x99ead0	512	rgb565
397	B	BMUSIC_LOOP_MODE05	16	16	0x99ecd0	512	rgb565
398	B	BMUSIC_LOOP_MODE06	16	16	0x99eed0	512	rgb565
399	B	BMUSIC_LOOP_MODE07	1	1	0x99f0d0	2	rgb565
400	B	BMUSIC_ORDER_MODE03	17	13	0x99f0d2	442	rgb565
401	B	BMUSIC_ORDER_MODE04	16	14	0x99f28c	448	rgb565
402	B	BMUSIC_A_B_MODE_BACK	36	11	0x99f44c	792	rgb565
403	B	BMUSIC_A_MODE	36	11	0x99f764	792	rgb565
404	B	BMUSIC_A_B_MODE	36	11	0x99fa7c	792	rgb565
405	B	BMUSIC_BATTERY01	20	12	0x99fd94	480	rgb565
406	B	BMUSIC_BATTERY02	20	12	0x99ff74	480	rgb565
407	B	BMUSIC_BATTERY03	20	12	0x9a0154	480	rgb565
408	B	BMUSIC_BATTERY04	20	12	0x9a0334	480	rgb565
409	B	BMUSIC_BATTERY05	20	12	0x9a0514	480	rgb565
410	B	BMUSIC_SMALLLOCK	12	12	0x9a06f4	288	rgb565
411	B	BMUSIC_SMALLLOCK_BACK	12	12	0x9a0814	288	rgb565
412	B	BFM_FREGUAGE	1	2	0x9a0934	4	rgb565
413	B	BFM_FREGUAGE_BK	1	2	0x9a0938	4	rgb565
414	B	BBROWSER_FILETYPE_FOLDER_BLUE	14	13	0x9a093c	364	rgb565
415	B	BBROWSER_FILETYPE_MUSIC_BLUE	14	16	0x9a0aa8	448	rgb565
416	B	BBROWSER_FILETYPE_VIDEO_BLUE	20	20	0x9a0c68	800	rgb565
417	B	BBROWSER_FILETYPE_TEXT_BLUE	12	14	0x9a0f88	336	rgb565
418	B	BBROWSER_FILETYPE_PICTURE_BLUE	12	14	0x9a10d8	336	rgb565
419	B	BBROWSER_FILETYPE_OTHER_BLUE	12	14	0x9a1228	336	rgb565
420	B	BBROWSER_FILETYPE_FOLDER	13	13	0x9a1378	338	rgb565
421	B	BBROWSER_FILETYPE_MUSIC	14	16	0x9a14ca	448	rgb565
422	B	BBROWSER_FILETYPE_VIDEO	21	21	0x9a168a	882	rgb565
423	B	BBROWSER_FILETYPE_TEXT	12	14	0x9a19fc	336	rgb565
424	B	BBROWSER_FILETYPE_PICTURE	12	14	0x9a1b4c	336	rgb565
425	B	BBROWSER_FILETYPE_OTHER	12	14	0x9a1c9c	336	rgb565
426	B	BBROWSER_FILETYPE_FOLDER_RED	14	13	0x9a1dec	364	rgb565
427	B	BBROWSER_FILETYPE_MUSIC_RED	14	16	0x9a1f58	448	rgb565
428	B	BBROWSER_FILETYPE_VIDEO_RED	20	20	0x9a2118	800	rgb565
429	B	BBROWSER_FILETYPE_TEXT_RED	12	14	0x9a2438	336	rgb565
430	B	BBROWSER_FILETYPE_PICTURE_RED	12	14	0x9a2588	336	rgb565
431	B	BBROWSER_FILETYPE_OTHER_RED	12	14	0x9a26d8	336	rgb565
432	B	BBROWSER_BACKGROUND	320	170	0x9a2828	108800	rgb565
433	B	BICON_SELBLUE	15	16	0x9bd128	480	rgb565
434	B	BICON_SEL	15	16	0x9bd308	480	rgb565
435	B	BICON_SEL1	15	16	0x9bd4e8	480	rgb565
436	B	BJEPG_ICON	16	16	0x9bd6c8	512	rgb565
437	B	BMUSIC_ICON	16	16	0x9bd8c8	512	rgb565
438	B	BPLAY_SCROLL	1	7	0x9bdac8	14	rgb565
439	B	BPLAY_SCROLLBLANK	1	7	0x9bdad6	14	rgb565
440	B	BPONIT_NOSELBLUE	15	15	0x9bdae4	450	rgb565
441	B	BPONIT_NOSEL	15	15	0x9bdca6	450	rgb565
442	B	BPONIT_NOSEL1	15	15	0x9bde68	450	rgb565
443	B	BSEL_ICON	129	24	0x9be02a	6192	rgb565
444	B	BSEL_ICON1	129	24	0x9bf85a	6192	rgb565
445	B	BSEL_ICON2	129	24	0x9c108a	6192	rgb565
446	B	BSEL_ICON3	129	24	0x9c28ba	6192	rgb565
447	B	BSEL_ICON4	179	24	0x9c40ea	8592	rgb565
448	B	BSEL_ICON5	180	24	0x9c627a	8640	rgb565
449	B	BSEL_ICON6	179	24	0x9c843a	8592	rgb565
450	B	BSEL_ICONPART	150	47	0x9ca5ca	14100	rgb565
451	B	BSEL_ICONPART0	100	40	0x9cdcde	8000	rgb565
452	B	BWARNING_BOX	240	100	0x9cfc1e	48000	rgb565
453	B	BNOSEL00_ICON	37	16	0x9db79e	1184	rgb565
454	B	BMEIDASORTBAK0	90	16	0x9dbc3e	2880	rgb565
455	B	BMEIDASORTBAK1	90	16	0x9dc77e	2880	rgb565
456	B	BMEIDASORTBAK2	90	16	0x9dd2be	2880	rgb565
457	B	BMEIDASORTBAK3	90	16	0x9dddfe	2880	rgb565
458	B	BMDB_BACKGROUND	320	170	0x9de93e	108800	rgb565
459	B	BNOWPLAY_BLUE	20	20	0x9f923e	800	rgb565
460	B	BALLMUSIC_BLUE	21	20	0x9f955e	840	rgb565
461	B	BSINGER_BLUE	20	20	0x9f98a6	800	rgb565
462	B	BABLUM_BLUE	20	20	0x9f9bc6	800	rgb565
463	B	BGENRE_BLUE	21	20	0x9f9ee6	840	rgb565
464	B	BLIST_BLUE	20	21	0x9fa22e	840	rgb565
465	B	BMYFAVO_BLUE	21	21	0x9fa576	882	rgb565
466	B	BMEDIAUPDATA_BLUE	21	20	0x9fa8e8	840	rgb565
467	B	BBREAKPOINT_PLAY_BLUE	20	20	0x9fac30	800	rgb565
468	B	BNOWPLAY	19	20	0x9faf50	760	rgb565
469	B	BALLMUSIC	21	20	0x9fb248	840	rgb565
470	B	BSINGER	21	20	0x9fb590	840	rgb565
471	B	BABLUM	21	20	0x9fb8d8	840	rgb565
472	B	BGENRE	20	20	0x9fbc20	800	rgb565
473	B	BLIST	20	20	0x9fbf40	800	rgb565
474	B	BMYFAVO	21	21	0x9fc260	882	rgb565
475	B	BMEDIAUPDATA	20	20	0x9fc5d2	800	rgb565
476	B	BBREAKPOINT_PLAY	21	21	0x9fc8f2	882	rgb565
477	B	BNOWPLAY_RED	20	20	0x9fcc64	800	rgb565
478	B	BALLMUSIC_RED	21	20	0x9fcf84	840	rgb565
479	B	BSINGER_RED	20	20	0x9fd2cc	800	rgb565
480	B	BABLUM_RED	20	20	0x9fd5ec	800	rgb565
481	B	BGENRE_RED	21	20	0x9fd90c	840	rgb565
482	B	BLIST_RED	20	21	0x9fdc54	840	rgb565
483	B	BMYFAVO_RED	21	21	0x9fdf9c	882	rgb565
484	B	BMEDIAUPDATA_RED	21	20	0x9fe30e	840	rgb565
485	B	BBREAKPOINT_PLAY_RED	20	20	0x9fe656	800	rgb565
486	B	BFILE_NUMBER_UP00	7	10	0x9fe976	140	rgb565
487	B	BFILE_NUMBER_UP01	7	10	0x9fea02	140	rgb565
488	B	BFILE_NUMBER_UP02	7	10	0x9fea8e	140	rgb565
489	B	BFILE_NUMBER_UP03	7	10	0x9feb1a	140	rgb565
490	B	BFILE_NUMBER_UP04	7	10	0x9feba6	140	rgb565
491	B	BFILE_NUMBER_UP05	7	10	0x9fec32	140	rgb565
492	B	BFILE_NUMBER_UP06	7	10	0x9fecbe	140	rgb565
493	B	BFILE_NUMBER_UP07	7	10	0x9fed4a	140	rgb565
494	B	BFILE_NUMBER_UP08	7	10	0x9fedd6	140	rgb565
495	B	BFILE_NUMBER_UP09	7	10	0x9fee62	140	rgb565
496	B	BFILE_NUMBER_UP10	4	9	0x9feeee	72	rgb565
497	B	BFILE_NUMBER_UP11	2	9	0x9fef36	36	rgb565
498	B	BMUSIC_EQ_NOR	21	14	0x9fef5a	588	rgb565
499	B	BMUSIC_EQ_RETRO	21	14	0x9ff1a6	588	rgb565
500	B	BMUSIC_EQ_BAS	21	14	0x9ff3f2	588	rgb565
501	B	BMUSIC_EQ_HEAVY	21	14	0x9ff63e	588	rgb565
502	B	BMUSIC_EQ_POP	21	14	0x9ff88a	588	rgb565
503	B	BMUSIC_EQ_JAZ	20	14	0x9ffad6	560	rgb565
504	B	BMUSIC_EQ_MS	20	14	0x9ffd06	560	rgb565
505	B	BMUSIC_EQ_USE	20	14	0x9fff36	560	rgb565
506	B	BMUSIC_SLIDER	10	10	0xa00166	200	rgb565
507	B	BMUSIC_SLIDERBK	10	10	0xa0022e	200	rgb565
508	B	BRECORDER_RECORDING1	320	60	0xa002f6	38400	rgb565
509	B	BRECORDER_RECORDING2	320	60	0xa098f6	38400	rgb565
510	B	BRECORDER_RECORDING3	320	60	0xa12ef6	38400	rgb565
511	B	BRECORDER_RECORDING4	320	60	0xa1c4f6	38400	rgb565
512	B	BRECORDER_RECORDING5	320	60	0xa25af6	38400	rgb565
513	B	BRECORDER_RECORDING6	320	60	0xa2f0f6	38400	rgb565
514	B	BRECORDER_RECORDING7	320	60	0xa386f6	38400	rgb565
515	B	BRECORDER_RECORDING8	320	60	0xa41cf6	38400	rgb565
516	B	BRECORDER_RECORDING9	320	60	0xa4b2f6	38400	rgb565
517	B	BRECORDER_RECORDING10	320	60	0xa548f6	38400	rgb565
518	B	BRECORDER_RECORDING11	320	60	0xa5def6	38400	rgb565
519	B	BRECORDER_RECORDING12	320	60	0xa674f6	38400	rgb565
520	B	BSM_COM_VOLUME_000	320	170	0xa70af6	108800	rgb565
521	B	BSM_COM_VOLUME_001	320	59	0xa8b3f6	37760	rgb565
522	B	BSM_COM_VOLUME_002	320	59	0xa94776	37760	rgb565
523	B	BSM_COM_VOLUME_003	320	59	0xa9daf6	37760	rgb565
524	B	BSM_COM_VOLUME_004	320	59	0xaa6e76	37760	rgb565
525	B	BSM_COM_VOLUME_005	320	59	0xab01f6	37760	rgb565
526	B	BSM_COM_VOLUME_006	2	9	0xab9576	36	rgb565
527	B	BSM_COM_VOLUME_007	2	6	0xab959a	24	rgb565
528	B	BSM_COM_VOLUME_008	99	16	0xab95b2	3168	rgb565
529	B	BSM_COM_VOLUME_009	155	91	0xaba212	28210	rgb565
530	B	BCARDNO	9	11	0xac1044	198	rgb565
531	B	BCARDHAVE	9	11	0xac110a	198	rgb565
532	B	BEARNO	15	14	0xac11d0	420	rgb565
533	B	BEARHAVE	15	14	0xac1374	420	rgb565
534	B	BKEY0	20	21	0xac1518	840	rgb565
535	B	BKEY1	20	21	0xac1860	840	rgb565
536	B	BKEY2	20	21	0xac1ba8	840	rgb565
537	B	BKEY3	20	21	0xac1ef0	840	rgb565
538	B	BKEY4	21	21	0xac2238	882	rgb565
539	B	BKEY5	21	21	0xac25aa	882	rgb565
540	B	BKEY6	21	21	0xac291c	882	rgb565
541	B	BKEY7	21	20	0xac2c8e	840	rgb565
542	B	BKEY8	21	20	0xac2fd6	840	rgb565
543	B	BKEY9	20	20	0xac331e	800	rgb565
544	B	BKEY10	20	21	0xac363e	840	rgb565
545	B	BKEY11	21	21	0xac3986	882	rgb565
546	B	BKEY12	21	21	0xac3cf8	882	rgb565
547	B	BKEY13	21	21	0xac406a	882	rgb565
548	B	BKEY14	19	21	0xac43dc	798	rgb565
549	B	BKEY15	20	20	0xac46fa	800	rgb565
550	B	BKEY16	20	20	0xac4a1a	800	rgb565
551	B	BKEY17	20	20	0xac4d3a	800	rgb565
552	B	BKEY18	20	20	0xac505a	800	rgb565
553	B	BKEY19	21	20	0xac537a	840	rgb565
554	B	BKEY20	16	15	0xac56c2	480	rgb565
555	B	BKEY21	14	15	0xac58a2	420	rgb565
556	B	BKEY22	3	4	0xac5a46	24	rgb565
557	B	BKEY23	20	20	0xac5a5e	800	rgb565
558	B	BKEY24	20	20	0xac5d7e	800	rgb565
559	B	BKEY25	20	21	0xac609e	840	rgb565
560	B	BKEY26	21	21	0xac63e6	882	rgb565
561	B	BKEY27	20	20	0xac6758	800	rgb565
562	B	BKEY28	20	20	0xac6a78	800	rgb565
563	B	BKEY29	20	20	0xac6d98	800	rgb565
564	B	BKEY30	20	21	0xac70b8	840	rgb565
565	B	BKEY31	21	21	0xac7400	882	rgb565
566	B	BKEY32	21	20	0xac7772	840	rgb565
567	B	BKEY33	21	20	0xac7aba	840	rgb565
568	B	BKEY40	47	12	0xac7e02	1128	rgb565
569	B	BKEY41	48	12	0xac826a	1152	rgb565
570	B	BKEY42	52	12	0xac86ea	1248	rgb565
571	B	BKEY43	53	12	0xac8bca	1272	rgb565
572	B	BKEY44	47	12	0xac90c2	1128	rgb565
573	B	BKEY51	20	20	0xac952a	800	rgb565
574	B	BKEY52	20	20	0xac984a	800	rgb565
575	B	BKEY53	20	19	0xac9b6a	760	rgb565
576	B	BKEY54	20	19	0xac9e62	760	rgb565
577	B	BKEY55	21	20	0xaca15a	840	rgb565
578	B	BKEY56	20	20	0xaca4a2	800	rgb565
579	B	BKEY57	20	20	0xaca7c2	800	rgb565
580	B	BKEY58	19	20	0xacaae2	760	rgb565
581	B	BKEYCHANGE	176	66	0xacadda	23232	rgb565
582	B	BKEYCH0	21	20	0xad089a	840	rgb565
583	B	BKEYCH1	21	20	0xad0be2	840	rgb565
584	B	BTIME_BACK_BOX	320	170	0xad0f2a	108800	rgb565
585	B	BTIME_BACK_BOXE	40	40	0xaeb82a	3200	rgb565
586	B	BTIME_NUM1_00	10	16	0xaec4aa	320	rgb565
587	B	BTIME_NUM1_01	10	16	0xaec5ea	320	rgb565
588	B	BTIME_NUM1_02	10	16	0xaec72a	320	rgb565
589	B	BTIME_NUM1_03	10	16	0xaec86a	320	rgb565
590	B	BTIME_NUM1_04	10	16	0xaec9aa	320	rgb565
591	B	BTIME_NUM1_05	10	16	0xaecaea	320	rgb565
592	B	BTIME_NUM1_06	10	16	0xaecc2a	320	rgb565
593	B	BTIME_NUM1_07	10	16	0xaecd6a	320	rgb565
594	B	BTIME_NUM1_08	10	16	0xaeceaa	320	rgb565
595	B	BTIME_NUM1_09	10	16	0xaecfea	320	rgb565
596	B	BTIME_NUM1_10	10	16	0xaed12a	320	rgb565
597	B	BTIME_NUM1_11	10	16	0xaed26a	320	rgb565
598	B	BTIME_NUM3_00	9	12	0xaed3aa	216	rgb565
599	B	BTIME_NUM3_01	9	12	0xaed482	216	rgb565
600	B	BTIME_NUM3_02	9	12	0xaed55a	216	rgb565
601	B	BTIME_NUM3_03	9	12	0xaed632	216	rgb565
602	B	BTIME_NUM3_04	9	12	0xaed70a	216	rgb565
603	B	BTIME_NUM3_05	9	12	0xaed7e2	216	rgb565
604	B	BTIME_NUM3_06	9	12	0xaed8ba	216	rgb565
605	B	BTIME_NUM3_07	9	12	0xaed992	216	rgb565
606	B	BTIME_NUM3_08	9	12	0xaeda6a	216	rgb565
607	B	BTIME_NUM3_09	9	12	0xaedb42	216	rgb565
608	B	BTIME_NUM3_10	4	9	0xaedc1a	72	rgb565
609	B	BMCARDYES	16	14	0xaedc62	448	rgb565
610	B	BMCARDYES1	16	14	0xaede22	448	rgb565
611	B	BMCARDNO	21	20	0xaedfe2	840	rgb565
612	B	BMCARDNO1	21	20	0xaee32a	840	rgb565
613	B	BMCARDNO2	21	20	0xaee672	840	rgb565
614	B	BMCARDNO3	21	20	0xaee9ba	840	rgb565
615	B	BBTOFF	11	12	0xaeed02	264	rgb565
616	B	BBTON	11	12	0xaeee0a	264	rgb565
617	B	BBTOK	11	12	0xaeef12	264	rgb565
618	B	BMENUDOT	22	2	0xaef01a	88	rgb565
619	B	BMYLOVE	13	11	0xaef072	286	rgb565
620	B	BMYLOVEX	13	11	0xaef190	286	rgb565
621	B	BMYLOVEB	13	12	0xaef2ae	312	rgb565
622	B	BMYLOVEBX	13	12	0xaef3e6	312	rgb565
623	B	BMAINMENU_PLAYING	1	1	0xaef51e	2	rgb565
624	B	BAAKEY32	19	11	0xaef520	418	rgb565
625	B	BAAKEY33	19	11	0xaef6c2	418	rgb565
626	B	BAAKEY35	19	11	0xaef864	418	rgb565
627	B	BAKEY32	21	13	0xaefa06	546	rgb565
628	B	BAAKEY34	21	21	0xaefc28	882	rgb565
629	B	BAAKEY36	21	21	0xaeff9a	882	rgb565
630	B	BBATTC0	20	12	0xaf030c	480	rgb565
631	B	BBATTC1	20	12	0xaf04ec	480	rgb565
632	B	BBATTC2	20	12	0xaf06cc	480	rgb565
633	B	BBATTC3	20	12	0xaf08ac	480	rgb565
634	B	BBATTC4	20	12	0xaf0a8c	480	rgb565
635	B	BMUSIC_BACKGROUND1	320	170	0xaf0c6c	108800	rgb565
636	B	BMUSIC_BACKGROUND2	159	100	0xb0b56c	31800	rgb565
637	B	BAKEY32A	21	13	0xb131a4	546	rgb565
638	B	BMUSIC_BOTTOMA	158	17	0xb133c6	5372	rgb565
639	B	BSEL_ICONPART0A	120	14	0xb148c2	3360	rgb565
640	B	BSEL_ICONPART0B	96	14	0xb155e2	2688	rgb565
641	B	BSEL_ICONPART0C	94	14	0xb16062	2632	rgb565
642	B	BVOLNUM_00	7	13	0xb16aaa	182	rgb565
643	B	BVOLNUM_01	7	13	0xb16b60	182	rgb565
644	B	BVOLNUM_02	7	13	0xb16c16	182	rgb565
645	B	BVOLNUM_03	7	13	0xb16ccc	182	rgb565
646	B	BVOLNUM_04	7	13	0xb16d82	182	rgb565
647	B	BVOLNUM_05	7	13	0xb16e38	182	rgb565
648	B	BVOLNUM_06	7	13	0xb16eee	182	rgb565
649	B	BVOLNUM_07	7	13	0xb16fa4	182	rgb565
650	B	BVOLNUM_08	7	13	0xb1705a	182	rgb565
651	B	BVOLNUM_09	7	13	0xb17110	182	rgb565
652	B	BVOLNUM_L	7	13	0xb171c6	182	rgb565
653	B	BVOLNUM_R	8	13	0xb1727c	208	rgb565
654	B	BVOLNUM_X	179	142	0xb1734c	50836	rgb565
655	B	BVOLNUM_Y	7	15	0xb239e0	210	rgb565
656	B	BVOLNUM_YY	7	15	0xb23ab2	210	rgb565
657	B	BVOLNUM_Z	1	8	0xb23b84	16	rgb565
658	B	BMUSIC_B	136	127	0xb23b94	34544	rgb565
659	B	BSETMENU_USERSEL01	24	127	0xb2c284	6096	rgb565
660	B	BSETMENU_USERSEL02	24	11	0xb2da54	528	rgb565
661	B	BSETMENU_USERNOSEL01	24	127	0xb2dc64	6096	rgb565
662	B	BSETMENU_USERNOSEL02	24	11	0xb2f434	528	rgb565
663	B	BSETMENU_USEREQSETTING	320	170	0xb2f644	108800	rgb565
664	B	BP_GREENC0	12	19	0xb49f44	456	rgb565
665	B	BP_GREENC1	12	19	0xb4a10c	456	rgb565
666	B	BP_GREENC2	12	19	0xb4a2d4	456	rgb565
667	B	BP_GREENC3	12	19	0xb4a49c	456	rgb565
668	B	BP_GREENC4	12	19	0xb4a664	456	rgb565
669	B	BP_GREENC5	12	19	0xb4a82c	456	rgb565
670	B	BP_GREENC6	12	19	0xb4a9f4	456	rgb565
671	B	BP_GREENC7	12	19	0xb4abbc	456	rgb565
672	B	BP_GREENC8	12	19	0xb4ad84	456	rgb565
673	B	BP_GREENC9	12	19	0xb4af4c	456	rgb565
674	B	BUSB_DAC	320	170	0xb4b114	108800	rgb565
675	B	BUSB_DATA	320	170	0xb65a14	108800	rgb565
676	B	BUSB_DACSHOW1	320	62	0xb80314	39680	rgb565
677	B	BUSB_DACSHOW2	320	62	0xb89e14	39680	rgb565
678	B	BUSB_DACSHOW3	320	62	0xb93914	39680	rgb565
679	B	BUSB_DACSHOW4	320	62	0xb9d414	39680	rgb565
680	B	BUSB_DACSHOW5	320	62	0xba6f14	39680	rgb565
681	B	BUSB_PLAYER	320	170	0xbb0a14	108800	rgb565
682	B	BUSB_PLAYER1	320	62	0xbcb314	39680	rgb565
683	B	BUSB_PLAYER2	320	62	0xbd4e14	39680	rgb565
684	B	BUSB_PLAYER3	320	62	0xbde914	39680	rgb565
685	B	BUSB_PLAYER4	320	62	0xbe8414	39680	rgb565
686	B	BUSB_PLAYER5	320	62	0xbf1f14	39680	rgb565
687	C	CSTYLE	20	24	0xbfba14	960	rgb565
688	C	C_USB_BACKGROUND	320	170	0xbfbdd4	108800	rgb565
689	C	C_MAINMENUPAGE10	320	170	0xc166d4	108800	rgb565
690	C	C_MAINMENUPAGE20	320	170	0xc30fd4	108800	rgb565
691	C	C_MAINMENUPAGE30	320	170	0xc4b8d4	108800	rgb565
692	C	C_MAINMENUPAGE40	320	170	0xc661d4	108800	rgb565
693	C	C_MAINMENUPAGE50	320	170	0xc80ad4	108800	rgb565
694	C	C_MESSAGEBOX_BACKGROUND	240	100	0xc9b3d4	48000	rgb565
695	C	C_DIALOGBOX_BACKGROUND	239	100	0xca6f54	47800	rgb565
696	C	C_DIALOGBOX_BUTTONNO	188	28	0xcb2a0c	10528	rgb565
697	C	C_DIALOGBOX_BUTTONYES	188	28	0xcb532c	10528	rgb565
698	C	C_LOWPOWER	239	100	0xcb7c4c	47800	rgb565
699	C	C_MUSIC_BACKGROUND	320	170	0xcc3704	108800	rgb565
700	C	C_MUSIC_BOTTOM	260	17	0xcde004	8840	rgb565
701	C	C_MUSIC_BPSBACKGROND	5	5	0xce028c	50	rgb565
702	C	C_MUSIC_PLAY_STATE	10	13	0xce02be	260	rgb565
703	C	C_MUSIC_PAUSE_STATE	12	13	0xce03c2	312	rgb565
704	C	C_MUSIC_LOOP_MODE02	16	16	0xce04fa	512	rgb565
705	C	C_MUSIC_LOOP_MODE03	16	16	0xce06fa	512	rgb565
706	C	C_MUSIC_LOOP_MODE04	16	16	0xce08fa	512	rgb565
707	C	C_MUSIC_LOOP_MODE05	16	16	0xce0afa	512	rgb565
708	C	C_MUSIC_LOOP_MODE06	16	16	0xce0cfa	512	rgb565
709	C	C_MUSIC_LOOP_MODE07	1	1	0xce0efa	2	rgb565
710	C	C_MUSIC_ORDER_MODE03	17	13	0xce0efc	442	rgb565
711	C	C_MUSIC_ORDER_MODE04	17	13	0xce10b6	442	rgb565
712	C	C_MUSIC_A_B_MODE_BACK	36	11	0xce1270	792	rgb565
713	C	C_MUSIC_A_MODE	36	11	0xce1588	792	rgb565
714	C	C_MUSIC_A_B_MODE	36	11	0xce18a0	792	rgb565
715	C	C_MUSIC_BATTERY01	19	12	0xce1bb8	456	rgb565
716	C	C_MUSIC_BATTERY02	19	12	0xce1d80	456	rgb565
717	C	C_MUSIC_BATTERY03	19	12	0xce1f48	456	rgb565
718	C	C_MUSIC_BATTERY04	19	12	0xce2110	456	rgb565
719	C	C_MUSIC_BATTERY05	19	12	0xce22d8	456	rgb565
720	C	C_MUSIC_SMALLLOCK	12	12	0xce24a0	288	rgb565
721	C	C_MUSIC_SMALLLOCK_BACK	12	12	0xce25c0	288	rgb565
722	C	C_FM_FREGUAGE	1	3	0xce26e0	6	rgb565
723	C	C_FM_FREGUAGE_BK	1	2	0xce26e6	4	rgb565
724	C	C_BROWSER_FILETYPE_FOLDER_BLUE	14	13	0xce26ea	364	rgb565
725	C	C_BROWSER_FILETYPE_MUSIC_BLUE	14	16	0xce2856	448	rgb565
726	C	C_BROWSER_FILETYPE_VIDEO_BLUE	20	20	0xce2a16	800	rgb565
727	C	C_BROWSER_FILETYPE_TEXT_BLUE	12	14	0xce2d36	336	rgb565
728	C	C_BROWSER_FILETYPE_PICTURE_BLUE	12	14	0xce2e86	336	rgb565
729	C	C_BROWSER_FILETYPE_OTHER_BLUE	12	14	0xce2fd6	336	rgb565
730	C	C_BROWSER_FILETYPE_FOLDER	14	13	0xce3126	364	rgb565
731	C	C_BROWSER_FILETYPE_MUSIC	14	16	0xce3292	448	rgb565
732	C	C_BROWSER_FILETYPE_VIDEO	21	21	0xce3452	882	rgb565
733	C	C_BROWSER_FILETYPE_TEXT	12	14	0xce37c4	336	rgb565
734	C	C_BROWSER_FILETYPE_PICTURE	12	14	0xce3914	336	rgb565
735	C	C_BROWSER_FILETYPE_OTHER	12	14	0xce3a64	336	rgb565
736	C	C_BROWSER_FILETYPE_FOLDER_RED	14	13	0xce3bb4	364	rgb565
737	C	C_BROWSER_FILETYPE_MUSIC_RED	14	16	0xce3d20	448	rgb565
738	C	C_BROWSER_FILETYPE_VIDEO_RED	20	20	0xce3ee0	800	rgb565
739	C	C_BROWSER_FILETYPE_TEXT_RED	12	14	0xce4200	336	rgb565
740	C	C_BROWSER_FILETYPE_PICTURE_RED	12	14	0xce4350	336	rgb565
741	C	C_BROWSER_FILETYPE_OTHER_RED	12	14	0xce44a0	336	rgb565
742	C	C_BROWSER_BACKGROUND	320	170	0xce45f0	108800	rgb565
743	C	C_ICON_SELBLUE	15	16	0xcfeef0	480	rgb565
744	C	C_ICON_SEL	15	16	0xcff0d0	480	rgb565
745	C	C_ICON_SEL1	15	16	0xcff2b0	480	rgb565
746	C	C_JEPG_ICON	16	16	0xcff490	512	rgb565
747	C	C_MUSIC_ICON	16	16	0xcff690	512	rgb565
748	C	C_PLAY_SCROLL	1	7	0xcff890	14	rgb565
749	C	C_PLAY_SCROLLBLANK	1	7	0xcff89e	14	rgb565
750	C	C_PONIT_NOSELBLUE	15	15	0xcff8ac	450	rgb565
751	C	C_PONIT_NOSEL	15	15	0xcffa6e	450	rgb565
752	C	C_PONIT_NOSEL1	15	15	0xcffc30	450	rgb565
753	C	C_SEL_ICON	129	24	0xcffdf2	6192	rgb565
754	C	C_SEL_ICON1	129	24	0xd01622	6192	rgb565
755	C	C_SEL_ICON2	129	24	0xd02e52	6192	rgb565
756	C	C_SEL_ICON3	129	24	0xd04682	6192	rgb565
757	C	C_SEL_ICON4	180	24	0xd05eb2	8640	rgb565
758	C	C_SEL_ICON5	180	24	0xd08072	8640	rgb565
759	C	C_SEL_ICON6	180	24	0xd0a232	8640	rgb565
760	C	C_SEL_ICONPART	150	47	0xd0c3f2	14100	rgb565
761	C	C_SEL_ICONPART0	100	40	0xd0fb06	8000	rgb565
762	C	C_WARNING_BOX	239	100	0xd11a46	47800	rgb565
763	C	C_NOSEL00_ICON	37	16	0xd1d4fe	1184	rgb565
764	C	C_MEIDASORTBAK0	90	16	0xd1d99e	2880	rgb565
765	C	C_MEIDASORTBAK1	90	16	0xd1e4de	2880	rgb565
766	C	C_MEIDASORTBAK2	90	16	0xd1f01e	2880	rgb565
767	C	C_MEIDASORTBAK3	90	16	0xd1fb5e	2880	rgb565
768	C	C_MDB_BACKGROUND	320	170	0xd2069e	108800	rgb565
769	C	C_NOWPLAY_BLUE	20	20	0xd3af9e	800	rgb565
770	C	C_ALLMUSIC_BLUE	21	20	0xd3b2be	840	rgb565
771	C	C_SINGER_BLUE	20	20	0xd3b606	800	rgb565
772	C	C_ABLUM_BLUE	20	20	0xd3b926	800	rgb565
773	C	C_GENRE_BLUE	21	20	0xd3bc46	840	rgb565
774	C	C_LIST_BLUE	20	21	0xd3bf8e	840	rgb565
775	C	C_MYFAVO_BLUE	21	21	0xd3c2d6	882	rgb565
776	C	C_MEDIAUPDATA_BLUE	21	20	0xd3c648	840	rgb565
777	C	C_BREAKPOINT_PLAY_BLUE	20	20	0xd3c990	800	rgb565
778	C	C_NOWPLAY	19	20	0xd3ccb0	760	rgb565
779	C	C_ALLMUSIC	20	20	0xd3cfa8	800	rgb565
780	C	C_SINGER	20	20	0xd3d2c8	800	rgb565
781	C	C_ABLUM	21	20	0xd3d5e8	840	rgb565
782	C	C_GENRE	20	20	0xd3d930	800	rgb565
783	C	C_LIST	20	20	0xd3dc50	800	rgb565
784	C	C_MYFAVO	21	21	0xd3df70	882	rgb565
785	C	C_MEDIAUPDATA	20	20	0xd3e2e2	800	rgb565
786	C	C_BREAKPOINT_PLAY	21	21	0xd3e602	882	rgb565
787	C	C_NOWPLAY_RED	20	20	0xd3e974	800	rgb565
788	C	C_ALLMUSIC_RED	21	20	0xd3ec94	840	rgb565
789	C	C_SINGER_RED	20	20	0xd3efdc	800	rgb565
790	C	C_ABLUM_RED	20	20	0xd3f2fc	800	rgb565
791	C	C_GENRE_RED	21	20	0xd3f61c	840	rgb565
792	C	C_LIST_RED	20	21	0xd3f964	840	rgb565
793	C	C_MYFAVO_RED	21	21	0xd3fcac	882	rgb565
794	C	C_MEDIAUPDATA_RED	21	20	0xd4001e	840	rgb565
795	C	C_BREAKPOINT_PLAY_RED	20	20	0xd40366	800	rgb565
796	C	C_FILE_NUMBER_UP00	7	10	0xd40686	140	rgb565
797	C	C_FILE_NUMBER_UP01	7	10	0xd40712	140	rgb565
798	C	C_FILE_NUMBER_UP02	7	10	0xd4079e	140	rgb565
799	C	C_FILE_NUMBER_UP03	7	10	0xd4082a	140	rgb565
800	C	C_FILE_NUMBER_UP04	7	10	0xd408b6	140	rgb565
801	C	C_FILE_NUMBER_UP05	7	10	0xd40942	140	rgb565
802	C	C_FILE_NUMBER_UP06	7	10	0xd409ce	140	rgb565
803	C	C_FILE_NUMBER_UP07	7	10	0xd40a5a	140	rgb565
804	C	C_FILE_NUMBER_UP08	7	10	0xd40ae6	140	rgb565
805	C	C_FILE_NUMBER_UP09	7	10	0xd40b72	140	rgb565
806	C	C_FILE_NUMBER_UP10	5	9	0xd40bfe	90	rgb565
807	C	C_FILE_NUMBER_UP11	2	9	0xd40c58	36	rgb565
808	C	C_MUSIC_EQ_NOR	21	14	0xd40c7c	588	rgb565
809	C	C_MUSIC_EQ_RETRO	21	14	0xd40ec8	588	rgb565
810	C	C_MUSIC_EQ_BAS	21	14	0xd41114	588	rgb565
811	C	C_MUSIC_EQ_HEAVY	21	14	0xd41360	588	rgb565
812	C	C_MUSIC_EQ_POP	21	13	0xd415ac	546	rgb565
813	C	C_MUSIC_EQ_JAZ	21	14	0xd417ce	588	rgb565
814	C	C_MUSIC_EQ_MS	21	14	0xd41a1a	588	rgb565
815	C	C_MUSIC_EQ_USE	21	14	0xd41c66	588	rgb565
816	C	C_MUSIC_SLIDER	10	10	0xd41eb2	200	rgb565
817	C	C_MUSIC_SLIDERBK	10	10	0xd41f7a	200	rgb565
818	C	C_RECORDER_RECORDING1	320	65	0xd42042	41600	rgb565
819	C	C_RECORDER_RECORDING2	320	65	0xd4c2c2	41600	rgb565
820	C	C_RECORDER_RECORDING3	320	65	0xd56542	41600	rgb565
821	C	C_RECORDER_RECORDING4	320	65	0xd607c2	41600	rgb565
822	C	C_RECORDER_RECORDING5	320	65	0xd6aa42	41600	rgb565
823	C	C_RECORDER_RECORDING6	320	65	0xd74cc2	41600	rgb565
824	C	C_RECORDER_RECORDING7	320	65	0xd7ef42	41600	rgb565
825	C	C_RECORDER_RECORDING8	320	65	0xd891c2	41600	rgb565
826	C	C_RECORDER_RECORDING9	320	65	0xd93442	41600	rgb565
827	C	C_RECORDER_RECORDING10	320	65	0xd9d6c2	41600	rgb565
828	C	C_RECORDER_RECORDING11	320	65	0xda7942	41600	rgb565
829	C	C_RECORDER_RECORDING12	320	65	0xdb1bc2	41600	rgb565
830	C	C_SM_COM_VOLUME_000	320	170	0xdbbe42	108800	rgb565
831	C	C_SM_COM_VOLUME_001	320	60	0xdd6742	38400	rgb565
832	C	C_SM_COM_VOLUME_002	320	60	0xddfd42	38400	rgb565
833	C	C_SM_COM_VOLUME_003	320	60	0xde9342	38400	rgb565
834	C	C_SM_COM_VOLUME_004	320	60	0xdf2942	38400	rgb565
835	C	C_SM_COM_VOLUME_005	320	60	0xdfbf42	38400	rgb565
836	C	C_SM_COM_VOLUME_006	2	9	0xe05542	36	rgb565
837	C	C_SM_COM_VOLUME_007	2	6	0xe05566	24	rgb565
838	C	C_SM_COM_VOLUME_008	99	16	0xe0557e	3168	rgb565
839	C	C_SM_COM_VOLUME_009	155	91	0xe061de	28210	rgb565
840	C	C_CARDNO	9	11	0xe0d010	198	rgb565
841	C	C_CARDHAVE	9	11	0xe0d0d6	198	rgb565
842	C	C_EARNO	15	14	0xe0d19c	420	rgb565
843	C	C_EARHAVE	15	14	0xe0d340	420	rgb565
844	C	C_KEY0	20	21	0xe0d4e4	840	rgb565
845	C	C_KEY1	20	21	0xe0d82c	840	rgb565
846	C	C_KEY2	20	19	0xe0db74	760	rgb565
847	C	C_KEY3	20	19	0xe0de6c	760	rgb565
848	C	C_KEY4	21	21	0xe0e164	882	rgb565
849	C	C_KEY5	21	21	0xe0e4d6	882	rgb565
850	C	C_KEY6	21	21	0xe0e848	882	rgb565
851	C	C_KEY7	20	20	0xe0ebba	800	rgb565
852	C	C_KEY8	21	20	0xe0eeda	840	rgb565
853	C	C_KEY9	20	20	0xe0f222	800	rgb565
854	C	C_KEY10	20	21	0xe0f542	840	rgb565
855	C	C_KEY11	21	21	0xe0f88a	882	rgb565
856	C	C_KEY12	21	21	0xe0fbfc	882	rgb565
857	C	C_KEY13	21	21	0xe0ff6e	882	rgb565
858	C	C_KEY14	19	21	0xe102e0	798	rgb565
859	C	C_KEY15	20	20	0xe105fe	800	rgb565
860	C	C_KEY16	20	20	0xe1091e	800	rgb565
861	C	C_KEY17	20	20	0xe10c3e	800	rgb565
862	C	C_KEY18	20	20	0xe10f5e	800	rgb565
863	C	C_KEY19	20	20	0xe1127e	800	rgb565
864	C	C_KEY20	16	15	0xe1159e	480	rgb565
865	C	C_KEY21	15	15	0xe1177e	450	rgb565
866	C	C_KEY22	3	4	0xe11940	24	rgb565
867	C	C_KEY23	20	20	0xe11958	800	rgb565
868	C	C_KEY24	20	20	0xe11c78	800	rgb565
869	C	C_KEY25	20	21	0xe11f98	840	rgb565
870	C	C_KEY26	21	21	0xe122e0	882	rgb565
871	C	C_KEY27	20	20	0xe12652	800	rgb565
872	C	C_KEY28	20	20	0xe12972	800	rgb565
873	C	C_KEY29	20	20	0xe12c92	800	rgb565
874	C	C_KEY30	20	21	0xe12fb2	840	rgb565
875	C	C_KEY31	21	21	0xe132fa	882	rgb565
876	C	C_KEY32	21	20	0xe1366c	840	rgb565
877	C	C_KEY33	21	20	0xe139b4	840	rgb565
878	C	C_KEY40	45	11	0xe13cfc	990	rgb565
879	C	C_KEY41	48	11	0xe140da	1056	rgb565
880	C	C_KEY42	50	11	0xe144fa	1100	rgb565
881	C	C_KEY43	51	11	0xe14946	1122	rgb565
882	C	C_KEY44	44	11	0xe14da8	968	rgb565
883	C	C_KEY51	20	20	0xe15170	800	rgb565
884	C	C_KEY52	20	20	0xe15490	800	rgb565
885	C	C_KEY53	20	19	0xe157b0	760	rgb565
886	C	C_KEY54	20	19	0xe15aa8	760	rgb565
887	C	C_KEY55	21	20	0xe15da0	840	rgb565
888	C	C_KEY56	20	20	0xe160e8	800	rgb565
889	C	C_KEY57	20	20	0xe16408	800	rgb565
890	C	C_KEY58	19	19	0xe16728	722	rgb565
891	C	C_KEYCHANGE	176	66	0xe169fa	23232	rgb565
892	C	C_KEYCH0	21	20	0xe1c4ba	840	rgb565
893	C	C_KEYCH1	21	20	0xe1c802	840	rgb565
894	C	C_TIME_BACK_BOX	320	170	0xe1cb4a	108800	rgb565
895	C	C_TIME_BACK_BOXE	40	40	0xe3744a	3200	rgb565
896	C	C_TIME_NUM1_00	10	16	0xe380ca	320	rgb565
897	C	C_TIME_NUM1_01	10	16	0xe3820a	320	rgb565
898	C	C_TIME_NUM1_02	10	16	0xe3834a	320	rgb565
899	C	C_TIME_NUM1_03	10	16	0xe3848a	320	rgb565
900	C	C_TIME_NUM1_04	10	16	0xe385ca	320	rgb565
901	C	C_TIME_NUM1_05	10	16	0xe3870a	320	rgb565
902	C	C_TIME_NUM1_06	10	16	0xe3884a	320	rgb565
903	C	C_TIME_NUM1_07	10	16	0xe3898a	320	rgb565
904	C	C_TIME_NUM1_08	10	16	0xe38aca	320	rgb565
905	C	C_TIME_NUM1_09	10	16	0xe38c0a	320	rgb565
906	C	C_TIME_NUM1_10	10	16	0xe38d4a	320	rgb565
907	C	C_TIME_NUM1_11	10	16	0xe38e8a	320	rgb565
908	C	C_TIME_NUM3_00	9	12	0xe38fca	216	rgb565
909	C	C_TIME_NUM3_01	9	12	0xe390a2	216	rgb565
910	C	C_TIME_NUM3_02	9	12	0xe3917a	216	rgb565
911	C	C_TIME_NUM3_03	9	12	0xe39252	216	rgb565
912	C	C_TIME_NUM3_04	9	12	0xe3932a	216	rgb565
913	C	C_TIME_NUM3_05	9	12	0xe39402	216	rgb565
914	C	C_TIME_NUM3_06	9	12	0xe394da	216	rgb565
915	C	C_TIME_NUM3_07	9	12	0xe395b2	216	rgb565
916	C	C_TIME_NUM3_08	9	12	0xe3968a	216	rgb565
917	C	C_TIME_NUM3_09	9	12	0xe39762	216	rgb565
918	C	C_TIME_NUM3_10	5	9	0xe3983a	90	rgb565
919	C	C_MCARDYES	16	14	0xe39894	448	rgb565
920	C	C_MCARDYES1	16	14	0xe39a54	448	rgb565
921	C	C_MCARDNO	21	20	0xe39c14	840	rgb565
922	C	C_MCARDNO1	21	20	0xe39f5c	840	rgb565
923	C	C_MCARDNO2	21	20	0xe3a2a4	840	rgb565
924	C	C_MCARDNO3	21	20	0xe3a5ec	840	rgb565
925	C	C_BTOFF	11	12	0xe3a934	264	rgb565
926	C	C_BTON	11	12	0xe3aa3c	264	rgb565
927	C	C_BTOK	11	12	0xe3ab44	264	rgb565
928	C	C_MENUDOT	22	2	0xe3ac4c	88	rgb565
929	C	C_MYLOVE	13	11	0xe3aca4	286	rgb565
930	C	C_MYLOVEX	13	11	0xe3adc2	286	rgb565
931	C	C_MYLOVEB	13	12	0xe3aee0	312	rgb565
932	C	C_MYLOVEBX	13	12	0xe3b018	312	rgb565
933	C	C_MAINMENU_PLAYING	1	1	0xe3b150	2	rgb565
934	C	C_AAKEY32	18	12	0xe3b152	432	rgb565
935	C	C_AAKEY33	18	12	0xe3b302	432	rgb565
936	C	C_AAKEY35	18	12	0xe3b4b2	432	rgb565
937	C	C_AKEY32	21	13	0xe3b662	546	rgb565
938	C	C_AAKEY34	21	19	0xe3b884	798	rgb565
939	C	C_AAKEY36	21	19	0xe3bba2	798	rgb565
940	C	C_BATTC0	19	12	0xe3bec0	456	rgb565
941	C	C_BATTC1	19	12	0xe3c088	456	rgb565
942	C	C_BATTC2	19	12	0xe3c250	456	rgb565
943	C	C_BATTC3	19	12	0xe3c418	456	rgb565
944	C	C_BATTC4	19	12	0xe3c5e0	456	rgb565
945	C	C_MUSIC_BACKGROUND1	320	170	0xe3c7a8	108800	rgb565
946	C	C_MUSIC_BACKGROUND2	159	100	0xe570a8	31800	rgb565
947	C	C_AKEY32A	21	13	0xe5ece0	546	rgb565
948	C	C_MUSIC_BOTTOMA	158	17	0xe5ef02	5372	rgb565
949	C	C_SEL_ICONPART0A	120	14	0xe603fe	3360	rgb565
950	C	C_SEL_ICONPART0B	96	14	0xe6111e	2688	rgb565
951	C	C_SEL_ICONPART0C	95	14	0xe61b9e	2660	rgb565
952	C	C_VOLNUM_00	7	13	0xe62602	182	rgb565
953	C	C_VOLNUM_01	7	13	0xe626b8	182	rgb565
954	C	C_VOLNUM_02	7	13	0xe6276e	182	rgb565
955	C	C_VOLNUM_03	7	13	0xe62824	182	rgb565
956	C	C_VOLNUM_04	7	13	0xe628da	182	rgb565
957	C	C_VOLNUM_05	7	13	0xe62990	182	rgb565
958	C	C_VOLNUM_06	7	13	0xe62a46	182	rgb565
959	C	C_VOLNUM_07	7	13	0xe62afc	182	rgb565
960	C	C_VOLNUM_08	7	13	0xe62bb2	182	rgb565
961	C	C_VOLNUM_09	7	13	0xe62c68	182	rgb565
962	C	C_VOLNUM_L	7	13	0xe62d1e	182	rgb565
963	C	C_VOLNUM_R	8	13	0xe62dd4	208	rgb565
964	C	C_VOLNUM_X	179	142	0xe62ea4	50836	rgb565
965	C	C_VOLNUM_Y	7	15	0xe6f538	210	rgb565
966	C	C_VOLNUM_YY	7	15	0xe6f60a	210	rgb565
967	C	C_VOLNUM_Z	1	8	0xe6f6dc	16	rgb565
968	C	C_MUSIC_B	137	127	0xe6f6ec	34798	rgb565
969	C	C_SETMENU_USERSEL01	24	127	0xe77eda	6096	rgb565
970	C	C_SETMENU_USERSEL02	24	11	0xe796aa	528	rgb565
971	C	C_SETMENU_USERNOSEL01	24	127	0xe798ba	6096	rgb565
972	C	C_SETMENU_USERNOSEL02	24	11	0xe7b08a	528	rgb565
973	C	C_SETMENU_USEREQSETTING	320	170	0xe7b29a	108800	rgb565
974	C	C_P_GREENC0	12	19	0xe95b9a	456	rgb565
975	C	C_P_GREENC1	12	19	0xe95d62	456	rgb565
976	C	C_P_GREENC2	12	19	0xe95f2a	456	rgb565
977	C	C_P_GREENC3	12	19	0xe960f2	456	rgb565
978	C	C_P_GREENC4	12	19	0xe962ba	456	rgb565
979	C	C_P_GREENC5	12	19	0xe96482	456	rgb565
980	C	C_P_GREENC6	12	19	0xe9664a	456	rgb565
981	C	C_P_GREENC7	12	19	0xe96812	456	rgb565
982	C	C_P_GREENC8	12	19	0xe969da	456	rgb565
983	C	C_P_GREENC9	12	19	0xe96ba2	456	rgb565
984	C	C_USB_DAC	320	170	0xe96d6a	108800	rgb565
985	C	C_USB_DATA	320	170	0xeb166a	108800	rgb565
986	C	C_USB_DACSHOW1	320	62	0xecbf6a	39680	rgb565
987	C	C_USB_DACSHOW2	320	62	0xed5a6a	39680	rgb565
988	C	C_USB_DACSHOW3	320	62	0xedf56a	39680	rgb565
989	C	C_USB_DACSHOW4	320	62	0xee906a	39680	rgb565
990	C	C_USB_DACSHOW5	320	62	0xef2b6a	39680	rgb565
991	C	C_USB_PLAYER	320	170	0xefc66a	108800	rgb565
992	C	C_USB_PLAYER1	320	62	0xf16f6a	39680	rgb565
993	C	C_USB_PLAYER2	320	62	0xf20a6a	39680	rgb565
994	C	C_USB_PLAYER3	320	62	0xf2a56a	39680	rgb565
995	C	C_USB_PLAYER4	320	62	0xf3406a	39680	rgb565
996	C	C_USB_PLAYER5	320	62	0xf3db6a	39680	rgb565
997	D	DSTYLE	20	24	0xf4766a	960	rgb565
998	D	D_USB_BACKGROUND	320	170	0xf47a2a	108800	rgb565
999	D	D_MAINMENUPAGE10	320	170	0xf6232a	108800	rgb565
1000	D	D_MAINMENUPAGE20	320	170	0xf7cc2a	108800	rgb565
1001	D	D_MAINMENUPAGE30	320	170	0xf9752a	108800	rgb565
1002	D	D_MAINMENUPAGE40	320	170	0xfb1e2a	108800	rgb565
1003	D	D_MAINMENUPAGE50	320	170	0xfcc72a	108800	rgb565
1004	D	D_MESSAGEBOX_BACKGROUND	240	100	0xfe702a	48000	rgb565
1005	D	D_DIALOGBOX_BACKGROUND	239	100	0xff2baa	47800	rgb565
1006	D	D_DIALOGBOX_BUTTONNO	188	28	0xffe662	10528	rgb565
1007	D	D_DIALOGBOX_BUTTONYES	188	28	0x1000f82	10528	rgb565
1008	D	D_LOWPOWER	239	100	0x10038a2	47800	rgb565
1009	D	D_MUSIC_BACKGROUND	320	170	0x100f35a	108800	rgb565
1010	D	D_MUSIC_BOTTOM	260	17	0x1029c5a	8840	rgb565
1011	D	D_MUSIC_BPSBACKGROND	5	5	0x102bee2	50	rgb565
1012	D	D_MUSIC_PLAY_STATE	10	13	0x102bf14	260	rgb565
1013	D	D_MUSIC_PAUSE_STATE	12	13	0x102c018	312	rgb565
1014	D	D_MUSIC_LOOP_MODE02	16	16	0x102c150	512	rgb565
1015	D	D_MUSIC_LOOP_MODE03	16	16	0x102c350	512	rgb565
1016	D	D_MUSIC_LOOP_MODE04	16	16	0x102c550	512	rgb565
1017	D	D_MUSIC_LOOP_MODE05	16	16	0x102c750	512	rgb565
1018	D	D_MUSIC_LOOP_MODE06	16	16	0x102c950	512	rgb565
1019	D	D_MUSIC_LOOP_MODE07	1	1	0x102cb50	2	rgb565
1020	D	D_MUSIC_ORDER_MODE03	17	13	0x102cb52	442	rgb565
1021	D	D_MUSIC_ORDER_MODE04	17	13	0x102cd0c	442	rgb565
1022	D	D_MUSIC_A_B_MODE_BACK	36	11	0x102cec6	792	rgb565
1023	D	D_MUSIC_A_MODE	36	11	0x102d1de	792	rgb565
1024	D	D_MUSIC_A_B_MODE	36	11	0x102d4f6	792	rgb565
1025	D	D_MUSIC_BATTERY01	19	12	0x102d80e	456	rgb565
1026	D	D_MUSIC_BATTERY02	19	12	0x102d9d6	456	rgb565
1027	D	D_MUSIC_BATTERY03	19	12	0x102db9e	456	rgb565
1028	D	D_MUSIC_BATTERY04	19	12	0x102dd66	456	rgb565
1029	D	D_MUSIC_BATTERY05	19	12	0x102df2e	456	rgb565
1030	D	D_MUSIC_SMALLLOCK	12	12	0x102e0f6	288	rgb565
1031	D	D_MUSIC_SMALLLOCK_BACK	12	12	0x102e216	288	rgb565
1032	D	D_FM_FREGUAGE	1	2	0x102e336	4	rgb565
1033	D	D_FM_FREGUAGE_BK	1	2	0x102e33a	4	rgb565
1034	D	D_BROWSER_FILETYPE_FOLDER_BLUE	14	13	0x102e33e	364	rgb565
1035	D	D_BROWSER_FILETYPE_MUSIC_BLUE	13	16	0x102e4aa	416	rgb565
1036	D	D_BROWSER_FILETYPE_VIDEO_BLUE	21	21	0x102e64a	882	rgb565
1037	D	D_BROWSER_FILETYPE_TEXT_BLUE	12	14	0x102e9bc	336	rgb565
1038	D	D_BROWSER_FILETYPE_PICTURE_BLUE	12	14	0x102eb0c	336	rgb565
1039	D	D_BROWSER_FILETYPE_OTHER_BLUE	12	14	0x102ec5c	336	rgb565
1040	D	D_BROWSER_FILETYPE_FOLDER	14	13	0x102edac	364	rgb565
1041	D	D_BROWSER_FILETYPE_MUSIC	14	16	0x102ef18	448	rgb565
1042	D	D_BROWSER_FILETYPE_VIDEO	21	21	0x102f0d8	882	rgb565
1043	D	D_BROWSER_FILETYPE_TEXT	12	14	0x102f44a	336	rgb565
1044	D	D_BROWSER_FILETYPE_PICTURE	12	14	0x102f59a	336	rgb565
1045	D	D_BROWSER_FILETYPE_OTHER	12	14	0x102f6ea	336	rgb565
1046	D	D_BROWSER_FILETYPE_FOLDER_RED	14	13	0x102f83a	364	rgb565
1047	D	D_BROWSER_FILETYPE_MUSIC_RED	13	16	0x102f9a6	416	rgb565
1048	D	D_BROWSER_FILETYPE_VIDEO_RED	21	21	0x102fb46	882	rgb565
1049	D	D_BROWSER_FILETYPE_TEXT_RED	12	14	0x102feb8	336	rgb565
1050	D	D_BROWSER_FILETYPE_PICTURE_RED	12	14	0x1030008	336	rgb565
1051	D	D_BROWSER_FILETYPE_OTHER_RED	12	14	0x1030158	336	rgb565
1052	D	D_BROWSER_BACKGROUND	320	170	0x10302a8	108800	rgb565
1053	D	D_ICON_SELBLUE	15	16	0x104aba8	480	rgb565
1054	D	D_ICON_SEL	15	16	0x104ad88	480	rgb565
1055	D	D_ICON_SEL1	15	16	0x104af68	480	rgb565
1056	D	D_JEPG_ICON	16	16	0x104b148	512	rgb565
1057	D	D_MUSIC_ICON	16	16	0x104b348	512	rgb565
1058	D	D_PLAY_SCROLL	1	7	0x104b548	14	rgb565
1059	D	D_PLAY_SCROLLBLANK	1	7	0x104b556	14	rgb565
1060	D	D_PONIT_NOSELBLUE	15	15	0x104b564	450	rgb565
1061	D	D_PONIT_NOSEL	15	15	0x104b726	450	rgb565
1062	D	D_PONIT_NOSEL1	15	15	0x104b8e8	450	rgb565
1063	D	D_SEL_ICON	129	24	0x104baaa	6192	rgb565
1064	D	D_SEL_ICON1	129	24	0x104d2da	6192	rgb565
1065	D	D_SEL_ICON2	129	24	0x104eb0a	6192	rgb565
1066	D	D_SEL_ICON3	129	24	0x105033a	6192	rgb565
1067	D	D_SEL_ICON4	180	24	0x1051b6a	8640	rgb565
1068	D	D_SEL_ICON5	180	24	0x1053d2a	8640	rgb565
1069	D	D_SEL_ICON6	180	24	0x1055eea	8640	rgb565
1070	D	D_SEL_ICONPART	150	47	0x10580aa	14100	rgb565
1071	D	D_SEL_ICONPART0	100	40	0x105b7be	8000	rgb565
1072	D	D_WARNING_BOX	239	100	0x105d6fe	47800	rgb565
1073	D	D_NOSEL00_ICON	37	16	0x10691b6	1184	rgb565
1074	D	D_MEIDASORTBAK0	90	16	0x1069656	2880	rgb565
1075	D	D_MEIDASORTBAK1	90	16	0x106a196	2880	rgb565
1076	D	D_MEIDASORTBAK2	90	16	0x106acd6	2880	rgb565
1077	D	D_MEIDASORTBAK3	90	16	0x106b816	2880	rgb565
1078	D	D_MDB_BACKGROUND	320	170	0x106c356	108800	rgb565
1079	D	D_NOWPLAY_BLUE	21	21	0x1086c56	882	rgb565
1080	D	D_ALLMUSIC_BLUE	21	20	0x1086fc8	840	rgb565
1081	D	D_SINGER_BLUE	20	20	0x1087310	800	rgb565
1082	D	D_ABLUM_BLUE	20	20	0x1087630	800	rgb565
1083	D	D_GENRE_BLUE	20	20	0x1087950	800	rgb565
1084	D	D_LIST_BLUE	20	20	0x1087c70	800	rgb565
1085	D	D_MYFAVO_BLUE	21	21	0x1087f90	882	rgb565
1086	D	D_MEDIAUPDATA_BLUE	19	20	0x1088302	760	rgb565
1087	D	D_BREAKPOINT_PLAY_BLUE	21	21	0x10885fa	882	rgb565
1088	D	D_NOWPLAY	21	21	0x108896c	882	rgb565
1089	D	D_ALLMUSIC	21	20	0x1088cde	840	rgb565
1090	D	D_SINGER	20	20	0x1089026	800	rgb565
1091	D	D_ABLUM	20	20	0x1089346	800	rgb565
1092	D	D_GENRE	20	20	0x1089666	800	rgb565
1093	D	D_LIST	20	20	0x1089986	800	rgb565
1094	D	D_MYFAVO	21	21	0x1089ca6	882	rgb565
1095	D	D_MEDIAUPDATA	20	20	0x108a018	800	rgb565
1096	D	D_BREAKPOINT_PLAY	21	21	0x108a338	882	rgb565
1097	D	D_NOWPLAY_RED	21	21	0x108a6aa	882	rgb565
1098	D	D_ALLMUSIC_RED	21	20	0x108aa1c	840	rgb565
1099	D	D_SINGER_RED	20	20	0x108ad64	800	rgb565
1100	D	D_ABLUM_RED	20	20	0x108b084	800	rgb565
1101	D	D_GENRE_RED	20	20	0x108b3a4	800	rgb565
1102	D	D_LIST_RED	20	20	0x108b6c4	800	rgb565
1103	D	D_MYFAVO_RED	21	21	0x108b9e4	882	rgb565
1104	D	D_MEDIAUPDATA_RED	19	20	0x108bd56	760	rgb565
1105	D	D_BREAKPOINT_PLAY_RED	21	21	0x108c04e	882	rgb565
1106	D	D_FILE_NUMBER_UP00	7	10	0x108c3c0	140	rgb565
1107	D	D_FILE_NUMBER_UP01	7	10	0x108c44c	140	rgb565
1108	D	D_FILE_NUMBER_UP02	7	10	0x108c4d8	140	rgb565
1109	D	D_FILE_NUMBER_UP03	7	10	0x108c564	140	rgb565
1110	D	D_FILE_NUMBER_UP04	7	10	0x108c5f0	140	rgb565
1111	D	D_FILE_NUMBER_UP05	7	10	0x108c67c	140	rgb565
1112	D	D_FILE_NUMBER_UP06	7	10	0x108c708	140	rgb565
1113	D	D_FILE_NUMBER_UP07	7	10	0x108c794	140	rgb565
1114	D	D_FILE_NUMBER_UP08	7	10	0x108c820	140	rgb565
1115	D	D_FILE_NUMBER_UP09	7	10	0x108c8ac	140	rgb565
1116	D	D_FILE_NUMBER_UP10	5	9	0x108c938	90	rgb565
1117	D	D_FILE_NUMBER_UP11	2	9	0x108c992	36	rgb565
1118	D	D_MUSIC_EQ_NOR	21	14	0x108c9b6	588	rgb565
1119	D	D_MUSIC_EQ_RETRO	21	13	0x108cc02	546	rgb565
1120	D	D_MUSIC_EQ_BAS	21	14	0x108ce24	588	rgb565
1121	D	D_MUSIC_EQ_HEAVY	21	14	0x108d070	588	rgb565
1122	D	D_MUSIC_EQ_POP	21	14	0x108d2bc	588	rgb565
1123	D	D_MUSIC_EQ_JAZ	21	14	0x108d508	588	rgb565
1124	D	D_MUSIC_EQ_MS	21	14	0x108d754	588	rgb565
1125	D	D_MUSIC_EQ_USE	20	14	0x108d9a0	560	rgb565
1126	D	D_MUSIC_SLIDER	10	10	0x108dbd0	200	rgb565
1127	D	D_MUSIC_SLIDERBK	10	10	0x108dc98	200	rgb565
1128	D	D_RECORDER_RECORDING1	320	65	0x108dd60	41600	rgb565
1129	D	D_RECORDER_RECORDING2	320	65	0x1097fe0	41600	rgb565
1130	D	D_RECORDER_RECORDING3	320	65	0x10a2260	41600	rgb565
1131	D	D_RECORDER_RECORDING4	320	65	0x10ac4e0	41600	rgb565
1132	D	D_RECORDER_RECORDING5	320	65	0x10b6760	41600	rgb565
1133	D	D_RECORDER_RECORDING6	320	65	0x10c09e0	41600	rgb565
1134	D	D_RECORDER_RECORDING7	320	65	0x10cac60	41600	rgb565
1135	D	D_RECORDER_RECORDING8	320	65	0x10d4ee0	41600	rgb565
1136	D	D_RECORDER_RECORDING9	320	65	0x10df160	41600	rgb565
1137	D	D_RECORDER_RECORDING10	320	65	0x10e93e0	41600	rgb565
1138	D	D_RECORDER_RECORDING11	320	65	0x10f3660	41600	rgb565
1139	D	D_RECORDER_RECORDING12	320	65	0x10fd8e0	41600	rgb565
1140	D	D_SM_COM_VOLUME_000	320	170	0x1107b60	108800	rgb565
1141	D	D_SM_COM_VOLUME_001	320	59	0x1122460	37760	rgb565
1142	D	D_SM_COM_VOLUME_002	320	59	0x112b7e0	37760	rgb565
1143	D	D_SM_COM_VOLUME_003	320	59	0x1134b60	37760	rgb565
1144	D	D_SM_COM_VOLUME_004	320	59	0x113dee0	37760	rgb565
1145	D	D_SM_COM_VOLUME_005	320	59	0x1147260	37760	rgb565
1146	D	D_SM_COM_VOLUME_006	2	9	0x11505e0	36	rgb565
1147	D	D_SM_COM_VOLUME_007	2	6	0x1150604	24	rgb565
1148	D	D_SM_COM_VOLUME_008	99	16	0x115061c	3168	rgb565
1149	D	D_SM_COM_VOLUME_009	155	91	0x115127c	28210	rgb565
1150	D	D_CARDNO	11	12	0x11580ae	264	rgb565
1151	D	D_CARDHAVE	11	12	0x11581b6	264	rgb565
1152	D	D_EARNO	15	14	0x11582be	420	rgb565
1153	D	D_EARHAVE	15	14	0x1158462	420	rgb565
1154	D	D_KEY0	19	19	0x1158606	722	rgb565
1155	D	D_KEY1	19	19	0x11588d8	722	rgb565
1156	D	D_KEY2	20	19	0x1158baa	760	rgb565
1157	D	D_KEY3	20	19	0x1158ea2	760	rgb565
1158	D	D_KEY4	20	21	0x115919a	840	rgb565
1159	D	D_KEY5	20	21	0x11594e2	840	rgb565
1160	D	D_KEY6	20	20	0x115982a	800	rgb565
1161	D	D_KEY7	20	20	0x1159b4a	800	rgb565
1162	D	D_KEY8	20	20	0x1159e6a	800	rgb565
1163	D	D_KEY9	20	20	0x115a18a	800	rgb565
1164	D	D_KEY10	20	21	0x115a4aa	840	rgb565
1165	D	D_KEY11	20	21	0x115a7f2	840	rgb565
1166	D	D_KEY12	21	21	0x115ab3a	882	rgb565
1167	D	D_KEY13	21	21	0x115aeac	882	rgb565
1168	D	D_KEY14	20	19	0x115b21e	760	rgb565
1169	D	D_KEY15	20	19	0x115b516	760	rgb565
1170	D	D_KEY16	19	20	0x115b80e	760	rgb565
1171	D	D_KEY17	20	20	0x115bb06	800	rgb565
1172	D	D_KEY18	20	20	0x115be26	800	rgb565
1173	D	D_KEY19	20	20	0x115c146	800	rgb565
1174	D	D_KEY20	16	15	0x115c466	480	rgb565
1175	D	D_KEY21	16	15	0x115c646	480	rgb565
1176	D	D_KEY22	3	4	0x115c826	24	rgb565
1177	D	D_KEY23	20	20	0x115c83e	800	rgb565
1178	D	D_KEY24	20	20	0x115cb5e	800	rgb565
1179	D	D_KEY25	20	21	0x115ce7e	840	rgb565
1180	D	D_KEY26	19	21	0x115d1c6	798	rgb565
1181	D	D_KEY27	20	20	0x115d4e4	800	rgb565
1182	D	D_KEY28	20	20	0x115d804	800	rgb565
1183	D	D_KEY29	20	20	0x115db24	800	rgb565
1184	D	D_KEY30	20	21	0x115de44	840	rgb565
1185	D	D_KEY31	20	21	0x115e18c	840	rgb565
1186	D	D_KEY32	21	20	0x115e4d4	840	rgb565
1187	D	D_KEY33	21	20	0x115e81c	840	rgb565
1188	D	D_KEY40	50	11	0x115eb64	1100	rgb565
1189	D	D_KEY41	51	11	0x115efb0	1122	rgb565
1190	D	D_KEY42	50	11	0x115f412	1100	rgb565
1191	D	D_KEY43	51	11	0x115f85e	1122	rgb565
1192	D	D_KEY44	51	11	0x115fcc0	1122	rgb565
1193	D	D_KEY51	20	20	0x1160122	800	rgb565
1194	D	D_KEY52	20	20	0x1160442	800	rgb565
1195	D	D_KEY53	21	20	0x1160762	840	rgb565
1196	D	D_KEY54	21	20	0x1160aaa	840	rgb565
1197	D	E_KEY55	21	20	0x1160df2	840	rgb565
1198	D	E_KEY56	20	19	0x116113a	760	rgb565
1199	D	E_KEY57	20	20	0x1161432	800	rgb565
1200	D	E_KEY58	19	19	0x1161752	722	rgb565
1201	D	D_KEYCHANGE	176	67	0x1161a24	23584	rgb565
1202	D	D_KEYCH0	21	20	0x1167644	840	rgb565
1203	D	D_KEYCH1	21	20	0x116798c	840	rgb565
1204	D	D_TIME_BACK_BOX	320	170	0x1167cd4	108800	rgb565
1205	D	D_TIME_BACK_BOXE	40	40	0x11825d4	3200	rgb565
1206	D	D_TIME_NUM1_00	10	16	0x1183254	320	rgb565
1207	D	D_TIME_NUM1_01	10	16	0x1183394	320	rgb565
1208	D	D_TIME_NUM1_02	10	16	0x11834d4	320	rgb565
1209	D	D_TIME_NUM1_03	10	16	0x1183614	320	rgb565
1210	D	D_TIME_NUM1_04	10	16	0x1183754	320	rgb565
1211	D	D_TIME_NUM1_05	10	16	0x1183894	320	rgb565
1212	D	D_TIME_NUM1_06	10	16	0x11839d4	320	rgb565
1213	D	D_TIME_NUM1_07	10	16	0x1183b14	320	rgb565
1214	D	D_TIME_NUM1_08	10	16	0x1183c54	320	rgb565
1215	D	D_TIME_NUM1_09	10	16	0x1183d94	320	rgb565
1216	D	D_TIME_NUM1_10	10	16	0x1183ed4	320	rgb565
1217	D	D_TIME_NUM1_11	10	16	0x1184014	320	rgb565
1218	D	D_TIME_NUM3_00	8	12	0x1184154	192	rgb565
1219	D	D_TIME_NUM3_01	9	12	0x1184214	216	rgb565
1220	D	D_TIME_NUM3_02	9	12	0x11842ec	216	rgb565
1221	D	D_TIME_NUM3_03	9	12	0x11843c4	216	rgb565
1222	D	D_TIME_NUM3_04	9	12	0x118449c	216	rgb565
1223	D	D_TIME_NUM3_05	9	12	0x1184574	216	rgb565
1224	D	D_TIME_NUM3_06	9	12	0x118464c	216	rgb565
1225	D	D_TIME_NUM3_07	9	12	0x1184724	216	rgb565
1226	D	D_TIME_NUM3_08	9	12	0x11847fc	216	rgb565
1227	D	D_TIME_NUM3_09	9	12	0x11848d4	216	rgb565
1228	D	D_TIME_NUM3_10	5	9	0x11849ac	90	rgb565
1229	D	D_MCARDYES	16	14	0x1184a06	448	rgb565
1230	D	D_MCARDYES1	16	14	0x1184bc6	448	rgb565
1231	D	D_MCARDNO	21	20	0x1184d86	840	rgb565
1232	D	D_MCARDNO1	21	20	0x11850ce	840	rgb565
1233	D	D_MCARDNO2	20	20	0x1185416	800	rgb565
1234	D	D_MCARDNO3	20	20	0x1185736	800	rgb565
1235	D	D_BTOFF	11	12	0x1185a56	264	rgb565
1236	D	D_BTON	11	12	0x1185b5e	264	rgb565
1237	D	D_BTOK	11	12	0x1185c66	264	rgb565
1238	D	D_MENUDOT	22	2	0x1185d6e	88	rgb565
1239	D	D_MYLOVE	13	11	0x1185dc6	286	rgb565
1240	D	D_MYLOVEX	13	11	0x1185ee4	286	rgb565
1241	D	D_MYLOVEB	13	12	0x1186002	312	rgb565
1242	D	D_MYLOVEBX	13	12	0x118613a	312	rgb565
1243	D	D_MAINMENU_PLAYING	1	1	0x1186272	2	rgb565
1244	D	D_AAKEY32	18	12	0x1186274	432	rgb565
1245	D	D_AAKEY33	18	12	0x1186424	432	rgb565
1246	D	D_AAKEY35	18	12	0x11865d4	432	rgb565
1247	D	D_AKEY32	21	13	0x1186784	546	rgb565
1248	D	D_AAKEY34	21	19	0x11869a6	798	rgb565
1249	D	D_AAKEY36	21	19	0x1186cc4	798	rgb565
1250	D	D_BATTC0	19	12	0x1186fe2	456	rgb565
1251	D	D_BATTC1	19	12	0x11871aa	456	rgb565
1252	D	D_BATTC2	19	12	0x1187372	456	rgb565
1253	D	D_BATTC3	19	12	0x118753a	456	rgb565
1254	D	D_BATTC4	19	12	0x1187702	456	rgb565
1255	D	D_MUSIC_BACKGROUND1	320	170	0x11878ca	108800	rgb565
1256	D	D_MUSIC_BACKGROUND2	159	100	0x11a21ca	31800	rgb565
1257	D	D_AKEY32A	21	13	0x11a9e02	546	rgb565
1258	D	D_MUSIC_BOTTOMA	158	17	0x11aa024	5372	rgb565
1259	D	D_SEL_ICONPART0A	120	14	0x11ab520	3360	rgb565
1260	D	D_SEL_ICONPART0B	96	14	0x11ac240	2688	rgb565
1261	D	D_SEL_ICONPART0C	95	14	0x11accc0	2660	rgb565
1262	D	E_VOLNUM_00	7	13	0x11ad724	182	rgb565
1263	D	E_VOLNUM_01	7	13	0x11ad7da	182	rgb565
1264	D	E_VOLNUM_02	7	13	0x11ad890	182	rgb565
1265	D	E_VOLNUM_03	7	13	0x11ad946	182	rgb565
1266	D	E_VOLNUM_04	7	13	0x11ad9fc	182	rgb565
1267	D	E_VOLNUM_05	7	13	0x11adab2	182	rgb565
1268	D	E_VOLNUM_06	7	13	0x11adb68	182	rgb565
1269	D	E_VOLNUM_07	7	13	0x11adc1e	182	rgb565
1270	D	E_VOLNUM_08	7	13	0x11adcd4	182	rgb565
1271	D	E_VOLNUM_09	7	13	0x11add8a	182	rgb565
1272	D	E_VOLNUM_L	7	13	0x11ade40	182	rgb565
1273	D	E_VOLNUM_R	8	13	0x11adef6	208	rgb565
1274	D	E_VOLNUM_X	179	142	0x11adfc6	50836	rgb565
1275	D	E_VOLNUM_Y	7	15	0x11ba65a	210	rgb565
1276	D	E_VOLNUM_YY	7	15	0x11ba72c	210	rgb565
1277	D	E_VOLNUM_Z	1	8	0x11ba7fe	16	rgb565
1278	D	D_MUSIC_B	137	127	0x11ba80e	34798	rgb565
1279	D	D_SETMENU_USERSEL01	24	127	0x11c2ffc	6096	rgb565
1280	D	D_SETMENU_USERSEL02	24	11	0x11c47cc	528	rgb565
1281	D	D_SETMENU_USERNOSEL01	24	127	0x11c49dc	6096	rgb565
1282	D	D_SETMENU_USERNOSEL02	24	11	0x11c61ac	528	rgb565
1283	D	D_SETMENU_USEREQSETTING	320	170	0x11c63bc	108800	rgb565
1284	D	D_P_GREENC0	12	19	0x11e0cbc	456	rgb565
1285	D	D_P_GREENC1	12	19	0x11e0e84	456	rgb565
1286	D	D_P_GREENC2	12	19	0x11e104c	456	rgb565
1287	D	D_P_GREENC3	12	19	0x11e1214	456	rgb565
1288	D	D_P_GREENC4	12	19	0x11e13dc	456	rgb565
1289	D	D_P_GREENC5	12	19	0x11e15a4	456	rgb565
1290	D	D_P_GREENC6	12	19	0x11e176c	456	rgb565
1291	D	D_P_GREENC7	12	19	0x11e1934	456	rgb565
1292	D	D_P_GREENC8	12	19	0x11e1afc	456	rgb565
1293	D	D_P_GREENC9	12	19	0x11e1cc4	456	rgb565
1294	D	D_USB_DAC	320	170	0x11e1e8c	108800	rgb565
1295	D	D_USB_DATA	320	170	0x11fc78c	108800	rgb565
1296	D	D_USB_DACSHOW1	320	62	0x121708c	39680	rgb565
1297	D	D_USB_DACSHOW2	320	62	0x1220b8c	39680	rgb565
1298	D	D_USB_DACSHOW3	320	62	0x122a68c	39680	rgb565
1299	D	D_USB_DACSHOW4	320	62	0x123418c	39680	rgb565
1300	D	D_USB_DACSHOW5	320	62	0x123dc8c	39680	rgb565
1301	D	D_USB_PLAYER	320	170	0x124778c	108800	rgb565
1302	D	D_USB_PLAYER1	320	63	0x126208c	40320	rgb565
1303	D	D_USB_PLAYER2	320	63	0x126be0c	40320	rgb565
1304	D	D_USB_PLAYER3	320	63	0x1275b8c	40320	rgb565
1305	D	D_USB_PLAYER4	320	63	0x127f90c	40320	rgb565
1306	D	D_USB_PLAYER5	320	63	0x128968c	40320	rgb565
1307	E	ESTYLE	20	24	0x129340c	960	rgb565
1308	E	E_USB_BACKGROUND	320	170	0x12937cc	108800	rgb565
1309	E	E_MAINMENUPAGE10	320	170	0x12ae0cc	108800	rgb565
1310	E	E_MAINMENUPAGE20	320	170	0x12c89cc	108800	rgb565
1311	E	E_MAINMENUPAGE30	320	170	0x12e32cc	108800	rgb565
1312	E	E_MAINMENUPAGE40	320	170	0x12fdbcc	108800	rgb565
1313	E	E_MAINMENUPAGE50	320	170	0x13184cc	108800	rgb565
1314	E	E_MESSAGEBOX_BACKGROUND	239	100	0x1332dcc	47800	rgb565
1315	E	E_DIALOGBOX_BACKGROUND	239	100	0x133e884	47800	rgb565
1316	E	E_DIALOGBOX_BUTTONNO	188	28	0x134a33c	10528	rgb565
1317	E	E_DIALOGBOX_BUTTONYES	188	28	0x134cc5c	10528	rgb565
1318	E	E_LOWPOWER	239	100	0x134f57c	47800	rgb565
1319	E	E_MUSIC_BACKGROUND	320	170	0x135b034	108800	rgb565
1320	E	E_MUSIC_BOTTOM	260	17	0x1375934	8840	rgb565
1321	E	E_MUSIC_BPSBACKGROND	5	5	0x1377bbc	50	rgb565
1322	E	E_MUSIC_PLAY_STATE	10	13	0x1377bee	260	rgb565
1323	E	E_MUSIC_PAUSE_STATE	12	13	0x1377cf2	312	rgb565
1324	E	E_MUSIC_LOOP_MODE02	16	16	0x1377e2a	512	rgb565
1325	E	E_MUSIC_LOOP_MODE03	16	16	0x137802a	512	rgb565
1326	E	E_MUSIC_LOOP_MODE04	16	16	0x137822a	512	rgb565
1327	E	E_MUSIC_LOOP_MODE05	16	16	0x137842a	512	rgb565
1328	E	E_MUSIC_LOOP_MODE06	16	16	0x137862a	512	rgb565
1329	E	E_MUSIC_LOOP_MODE07	1	1	0x137882a	2	rgb565
1330	E	E_MUSIC_ORDER_MODE03	17	13	0x137882c	442	rgb565
1331	E	E_MUSIC_ORDER_MODE04	17	13	0x13789e6	442	rgb565
1332	E	E_MUSIC_A_B_MODE_BACK	36	11	0x1378ba0	792	rgb565
1333	E	E_MUSIC_A_MODE	36	11	0x1378eb8	792	rgb565
1334	E	E_MUSIC_A_B_MODE	36	11	0x13791d0	792	rgb565
1335	E	E_MUSIC_BATTERY01	19	12	0x13794e8	456	rgb565
1336	E	E_MUSIC_BATTERY02	19	12	0x13796b0	456	rgb565
1337	E	E_MUSIC_BATTERY03	19	12	0x1379878	456	rgb565
1338	E	E_MUSIC_BATTERY04	19	12	0x1379a40	456	rgb565
1339	E	E_MUSIC_BATTERY05	19	12	0x1379c08	456	rgb565
1340	E	E_MUSIC_SMALLLOCK	12	12	0x1379dd0	288	rgb565
1341	E	E_MUSIC_SMALLLOCK_BACK	12	12	0x1379ef0	288	rgb565
1342	E	E_FM_FREGUAGE	1	2	0x137a010	4	rgb565
1343	E	E_FM_FREGUAGE_BK	1	2	0x137a014	4	rgb565
1344	E	E_BROWSER_FILETYPE_FOLDER_BLUE	14	13	0x137a018	364	rgb565
1345	E	E_BROWSER_FILETYPE_MUSIC_BLUE	14	16	0x137a184	448	rgb565
1346	E	E_BROWSER_FILETYPE_VIDEO_BLUE	21	21	0x137a344	882	rgb565
1347	E	E_BROWSER_FILETYPE_TEXT_BLUE	12	14	0x137a6b6	336	rgb565
1348	E	E_BROWSER_FILETYPE_PICTURE_BLUE	12	14	0x137a806	336	rgb565
1349	E	E_BROWSER_FILETYPE_OTHER_BLUE	12	14	0x137a956	336	rgb565
1350	E	E_BROWSER_FILETYPE_FOLDER	14	13	0x137aaa6	364	rgb565
1351	E	E_BROWSER_FILETYPE_MUSIC	14	16	0x137ac12	448	rgb565
1352	E	E_BROWSER_FILETYPE_VIDEO	21	21	0x137add2	882	rgb565
1353	E	E_BROWSER_FILETYPE_TEXT	12	14	0x137b144	336	rgb565
1354	E	E_BROWSER_FILETYPE_PICTURE	12	14	0x137b294	336	rgb565
1355	E	E_BROWSER_FILETYPE_OTHER	12	14	0x137b3e4	336	rgb565
1356	E	E_BROWSER_FILETYPE_FOLDER_RED	14	13	0x137b534	364	rgb565
1357	E	E_BROWSER_FILETYPE_MUSIC_RED	14	16	0x137b6a0	448	rgb565
1358	E	E_BROWSER_FILETYPE_VIDEO_RED	21	21	0x137b860	882	rgb565
1359	E	E_BROWSER_FILETYPE_TEXT_RED	12	14	0x137bbd2	336	rgb565
1360	E	E_BROWSER_FILETYPE_PICTURE_RED	12	14	0x137bd22	336	rgb565
1361	E	E_BROWSER_FILETYPE_OTHER_RED	12	14	0x137be72	336	rgb565
1362	E	E_BROWSER_BACKGROUND	320	170	0x137bfc2	108800	rgb565
1363	E	E_ICON_SELBLUE	15	16	0x13968c2	480	rgb565
1364	E	E_ICON_SEL	15	16	0x1396aa2	480	rgb565
1365	E	E_ICON_SEL1	15	16	0x1396c82	480	rgb565
1366	E	E_JEPG_ICON	16	16	0x1396e62	512	rgb565
1367	E	E_MUSIC_ICON	16	16	0x1397062	512	rgb565
1368	E	E_PLAY_SCROLL	1	7	0x1397262	14	rgb565
1369	E	E_PLAY_SCROLLBLANK	1	7	0x1397270	14	rgb565
1370	E	E_PONIT_NOSELBLUE	15	15	0x139727e	450	rgb565
1371	E	E_PONIT_NOSEL	15	15	0x1397440	450	rgb565
1372	E	E_PONIT_NOSEL1	15	15	0x1397602	450	rgb565
1373	E	E_SEL_ICON	129	24	0x13977c4	6192	rgb565
1374	E	E_SEL_ICON1	129	24	0x1398ff4	6192	rgb565
1375	E	E_SEL_ICON2	129	24	0x139a824	6192	rgb565
1376	E	E_SEL_ICON3	129	24	0x139c054	6192	rgb565
1377	E	E_SEL_ICON4	180	24	0x139d884	8640	rgb565
1378	E	E_SEL_ICON5	180	24	0x139fa44	8640	rgb565
1379	E	E_SEL_ICON6	180	24	0x13a1c04	8640	rgb565
1380	E	E_SEL_ICONPART	150	47	0x13a3dc4	14100	rgb565
1381	E	E_SEL_ICONPART0	100	40	0x13a74d8	8000	rgb565
1382	E	E_WARNING_BOX	239	100	0x13a9418	47800	rgb565
1383	E	E_NOSEL00_ICON	37	16	0x13b4ed0	1184	rgb565
1384	E	E_MEIDASORTBAK0	90	16	0x13b5370	2880	rgb565
1385	E	E_MEIDASORTBAK1	90	16	0x13b5eb0	2880	rgb565
1386	E	E_MEIDASORTBAK2	90	16	0x13b69f0	2880	rgb565
1387	E	E_MEIDASORTBAK3	90	16	0x13b7530	2880	rgb565
1388	E	E_MDB_BACKGROUND	320	170	0x13b8070	108800	rgb565
1389	E	E_NOWPLAY_BLUE	21	21	0x13d2970	882	rgb565
1390	E	E_ALLMUSIC_BLUE	21	20	0x13d2ce2	840	rgb565
1391	E	E_SINGER_BLUE	20	20	0x13d302a	800	rgb565
1392	E	E_ABLUM_BLUE	20	20	0x13d334a	800	rgb565
1393	E	E_GENRE_BLUE	20	20	0x13d366a	800	rgb565
1394	E	E_LIST_BLUE	20	20	0x13d398a	800	rgb565
1395	E	E_MYFAVO_BLUE	21	21	0x13d3caa	882	rgb565
1396	E	E_MEDIAUPDATA_BLUE	19	20	0x13d401c	760	rgb565
1397	E	E_BREAKPOINT_PLAY_BLUE	21	21	0x13d4314	882	rgb565
1398	E	E_NOWPLAY	21	21	0x13d4686	882	rgb565
1399	E	E_ALLMUSIC	21	20	0x13d49f8	840	rgb565
1400	E	E_SINGER	20	20	0x13d4d40	800	rgb565
1401	E	E_ABLUM	20	20	0x13d5060	800	rgb565
1402	E	E_GENRE	20	20	0x13d5380	800	rgb565
1403	E	E_LIST	20	20	0x13d56a0	800	rgb565
1404	E	E_MYFAVO	21	21	0x13d59c0	882	rgb565
1405	E	E_MEDIAUPDATA	20	20	0x13d5d32	800	rgb565
1406	E	E_BREAKPOINT_PLAY	21	21	0x13d6052	882	rgb565
1407	E	E_NOWPLAY_RED	21	21	0x13d63c4	882	rgb565
1408	E	E_ALLMUSIC_RED	21	20	0x13d6736	840	rgb565
1409	E	E_SINGER_RED	20	20	0x13d6a7e	800	rgb565
1410	E	E_ABLUM_RED	20	20	0x13d6d9e	800	rgb565
1411	E	E_GENRE_RED	20	20	0x13d70be	800	rgb565
1412	E	E_LIST_RED	20	20	0x13d73de	800	rgb565
1413	E	E_MYFAVO_RED	21	21	0x13d76fe	882	rgb565
1414	E	E_MEDIAUPDATA_RED	19	20	0x13d7a70	760	rgb565
1415	E	E_BREAKPOINT_PLAY_RED	21	21	0x13d7d68	882	rgb565
1416	E	E_FILE_NUMBER_UP00	7	10	0x13d80da	140	rgb565
1417	E	E_FILE_NUMBER_UP01	7	10	0x13d8166	140	rgb565
1418	E	E_FILE_NUMBER_UP02	7	10	0x13d81f2	140	rgb565
1419	E	E_FILE_NUMBER_UP03	7	10	0x13d827e	140	rgb565
1420	E	E_FILE_NUMBER_UP04	7	10	0x13d830a	140	rgb565
1421	E	E_FILE_NUMBER_UP05	7	10	0x13d8396	140	rgb565
1422	E	E_FILE_NUMBER_UP06	7	10	0x13d8422	140	rgb565
1423	E	E_FILE_NUMBER_UP07	7	10	0x13d84ae	140	rgb565
1424	E	E_FILE_NUMBER_UP08	7	10	0x13d853a	140	rgb565
1425	E	E_FILE_NUMBER_UP09	7	10	0x13d85c6	140	rgb565
1426	E	E_FILE_NUMBER_UP10	4	9	0x13d8652	72	rgb565
1427	E	E_FILE_NUMBER_UP11	2	9	0x13d869a	36	rgb565
1428	E	E_MUSIC_EQ_NOR	21	14	0x13d86be	588	rgb565
1429	E	E_MUSIC_EQ_RETRO	21	13	0x13d890a	546	rgb565
1430	E	E_MUSIC_EQ_BAS	21	14	0x13d8b2c	588	rgb565
1431	E	E_MUSIC_EQ_HEAVY	21	14	0x13d8d78	588	rgb565
1432	E	E_MUSIC_EQ_POP	21	14	0x13d8fc4	588	rgb565
1433	E	E_MUSIC_EQ_JAZ	21	14	0x13d9210	588	rgb565
1434	E	E_MUSIC_EQ_MS	21	14	0x13d945c	588	rgb565
1435	E	E_MUSIC_EQ_USE	21	14	0x13d96a8	588	rgb565
1436	E	E_MUSIC_SLIDER	10	10	0x13d98f4	200	rgb565
1437	E	E_MUSIC_SLIDERBK	10	10	0x13d99bc	200	rgb565
1438	E	E_RECORDER_RECORDING1	320	62	0x13d9a84	39680	rgb565
1439	E	E_RECORDER_RECORDING2	320	62	0x13e3584	39680	rgb565
1440	E	E_RECORDER_RECORDING3	320	62	0x13ed084	39680	rgb565
1441	E	E_RECORDER_RECORDING4	320	62	0x13f6b84	39680	rgb565
1442	E	E_RECORDER_RECORDING5	320	62	0x1400684	39680	rgb565
1443	E	E_RECORDER_RECORDING6	320	62	0x140a184	39680	rgb565
1444	E	E_RECORDER_RECORDING7	320	62	0x1413c84	39680	rgb565
1445	E	E_RECORDER_RECORDING8	320	62	0x141d784	39680	rgb565
1446	E	E_RECORDER_RECORDING9	320	62	0x1427284	39680	rgb565
1447	E	E_RECORDER_RECORDING10	320	62	0x1430d84	39680	rgb565
1448	E	E_RECORDER_RECORDING11	320	62	0x143a884	39680	rgb565
1449	E	E_RECORDER_RECORDING12	320	62	0x1444384	39680	rgb565
1450	E	E_SM_COM_VOLUME_000	320	170	0x144de84	108800	rgb565
1451	E	E_SM_COM_VOLUME_001	320	63	0x1468784	40320	rgb565
1452	E	E_SM_COM_VOLUME_002	320	63	0x1472504	40320	rgb565
1453	E	E_SM_COM_VOLUME_003	320	63	0x147c284	40320	rgb565
1454	E	E_SM_COM_VOLUME_004	320	63	0x1486004	40320	rgb565
1455	E	E_SM_COM_VOLUME_005	320	63	0x148fd84	40320	rgb565
1456	E	E_SM_COM_VOLUME_006	2	9	0x1499b04	36	rgb565
1457	E	E_SM_COM_VOLUME_007	2	6	0x1499b28	24	rgb565
1458	E	E_SM_COM_VOLUME_008	110	19	0x1499b40	4180	rgb565
1459	E	E_SM_COM_VOLUME_009	155	91	0x149ab94	28210	rgb565
1460	E	E_CARDNO	11	12	0x14a19c6	264	rgb565
1461	E	E_CARDHAVE	11	12	0x14a1ace	264	rgb565
1462	E	E_EARNO	15	14	0x14a1bd6	420	rgb565
1463	E	E_EARHAVE	15	14	0x14a1d7a	420	rgb565
1464	E	E_KEY0	19	19	0x14a1f1e	722	rgb565
1465	E	E_KEY1	19	19	0x14a21f0	722	rgb565
1466	E	E_KEY2	20	19	0x14a24c2	760	rgb565
1467	E	E_KEY3	20	19	0x14a27ba	760	rgb565
1468	E	E_KEY4	21	21	0x14a2ab2	882	rgb565
1469	E	E_KEY5	21	21	0x14a2e24	882	rgb565
1470	E	E_KEY6	20	20	0x14a3196	800	rgb565
1471	E	E_KEY7	20	20	0x14a34b6	800	rgb565
1472	E	E_KEY8	20	20	0x14a37d6	800	rgb565
1473	E	E_KEY9	20	20	0x14a3af6	800	rgb565
1474	E	E_KEY10	20	21	0x14a3e16	840	rgb565
1475	E	E_KEY11	20	21	0x14a415e	840	rgb565
1476	E	E_KEY12	21	21	0x14a44a6	882	rgb565
1477	E	E_KEY13	21	21	0x14a4818	882	rgb565
1478	E	E_KEY14	20	19	0x14a4b8a	760	rgb565
1479	E	E_KEY15	20	19	0x14a4e82	760	rgb565
1480	E	E_KEY16	19	20	0x14a517a	760	rgb565
1481	E	E_KEY17	20	20	0x14a5472	800	rgb565
1482	E	E_KEY18	20	20	0x14a5792	800	rgb565
1483	E	E_KEY19	20	20	0x14a5ab2	800	rgb565
1484	E	E_KEY20	16	15	0x14a5dd2	480	rgb565
1485	E	E_KEY21	16	15	0x14a5fb2	480	rgb565
1486	E	E_KEY22	3	4	0x14a6192	24	rgb565
1487	E	E_KEY23	20	20	0x14a61aa	800	rgb565
1488	E	E_KEY24	20	20	0x14a64ca	800	rgb565
1489	E	E_KEY25	20	21	0x14a67ea	840	rgb565
1490	E	E_KEY26	19	21	0x14a6b32	798	rgb565
1491	E	E_KEY27	20	20	0x14a6e50	800	rgb565
1492	E	E_KEY28	20	20	0x14a7170	800	rgb565
1493	E	E_KEY29	20	20	0x14a7490	800	rgb565
1494	E	E_KEY30	20	21	0x14a77b0	840	rgb565
1495	E	E_KEY31	20	21	0x14a7af8	840	rgb565
1496	E	E_KEY32	21	20	0x14a7e40	840	rgb565
1497	E	E_KEY33	21	20	0x14a8188	840	rgb565
1498	E	E_KEY40	51	11	0x14a84d0	1122	rgb565
1499	E	E_KEY41	51	11	0x14a8932	1122	rgb565
1500	E	E_KEY42	51	11	0x14a8d94	1122	rgb565
1501	E	E_KEY43	51	11	0x14a91f6	1122	rgb565
1502	E	E_KEY44	51	11	0x14a9658	1122	rgb565
1503	E	E_KEY51	20	20	0x14a9aba	800	rgb565
1504	E	E_KEY52	20	20	0x14a9dda	800	rgb565
1505	E	E_KEY53	21	20	0x14aa0fa	840	rgb565
1506	E	E_KEY54	21	20	0x14aa442	840	rgb565
1507	E	D_KEY55	21	20	0x14aa78a	840	rgb565
1508	E	D_KEY56	20	19	0x14aaad2	760	rgb565
1509	E	D_KEY57	20	20	0x14aadca	800	rgb565
1510	E	D_KEY58	19	19	0x14ab0ea	722	rgb565
1511	E	E_KEYCHANGE	176	66	0x14ab3bc	23232	rgb565
1512	E	E_KEYCH0	21	20	0x14b0e7c	840	rgb565
1513	E	E_KEYCH1	21	20	0x14b11c4	840	rgb565
1514	E	E_TIME_BACK_BOX	320	170	0x14b150c	108800	rgb565
1515	E	E_TIME_BACK_BOXE	40	40	0x14cbe0c	3200	rgb565
1516	E	E_TIME_NUM1_00	10	16	0x14cca8c	320	rgb565
1517	E	E_TIME_NUM1_01	10	16	0x14ccbcc	320	rgb565
1518	E	E_TIME_NUM1_02	10	16	0x14ccd0c	320	rgb565
1519	E	E_TIME_NUM1_03	10	16	0x14cce4c	320	rgb565
1520	E	E_TIME_NUM1_04	10	16	0x14ccf8c	320	rgb565
1521	E	E_TIME_NUM1_05	10	16	0x14cd0cc	320	rgb565
1522	E	E_TIME_NUM1_06	10	16	0x14cd20c	320	rgb565
1523	E	E_TIME_NUM1_07	10	16	0x14cd34c	320	rgb565
1524	E	E_TIME_NUM1_08	10	16	0x14cd48c	320	rgb565
1525	E	E_TIME_NUM1_09	10	16	0x14cd5cc	320	rgb565
1526	E	E_TIME_NUM1_10	10	16	0x14cd70c	320	rgb565
1527	E	E_TIME_NUM1_11	10	16	0x14cd84c	320	rgb565
1528	E	E_TIME_NUM3_00	9	12	0x14cd98c	216	rgb565
1529	E	E_TIME_NUM3_01	9	12	0x14cda64	216	rgb565
1530	E	E_TIME_NUM3_02	9	12	0x14cdb3c	216	rgb565
1531	E	E_TIME_NUM3_03	9	12	0x14cdc14	216	rgb565
1532	E	E_TIME_NUM3_04	9	12	0x14cdcec	216	rgb565
1533	E	E_TIME_NUM3_05	9	12	0x14cddc4	216	rgb565
1534	E	E_TIME_NUM3_06	9	12	0x14cde9c	216	rgb565
1535	E	E_TIME_NUM3_07	9	12	0x14cdf74	216	rgb565
1536	E	E_TIME_NUM3_08	9	12	0x14ce04c	216	rgb565
1537	E	E_TIME_NUM3_09	9	12	0x14ce124	216	rgb565
1538	E	E_TIME_NUM3_10	4	9	0x14ce1fc	72	rgb565
1539	E	E_MCARDYES	16	14	0x14ce244	448	rgb565
1540	E	E_MCARDYES1	16	14	0x14ce404	448	rgb565
1541	E	E_MCARDNO	21	20	0x14ce5c4	840	rgb565
1542	E	E_MCARDNO1	21	20	0x14ce90c	840	rgb565
1543	E	E_MCARDNO2	20	20	0x14cec54	800	rgb565
1544	E	E_MCARDNO3	20	20	0x14cef74	800	rgb565
1545	E	E_BTOFF	11	12	0x14cf294	264	rgb565
1546	E	E_BTON	11	12	0x14cf39c	264	rgb565
1547	E	E_BTOK	11	12	0x14cf4a4	264	rgb565
1548	E	E_MENUDOT	22	2	0x14cf5ac	88	rgb565
1549	E	E_MYLOVE	13	11	0x14cf604	286	rgb565
1550	E	E_MYLOVEX	13	11	0x14cf722	286	rgb565
1551	E	E_MYLOVEB	13	12	0x14cf840	312	rgb565
1552	E	E_MYLOVEBX	13	12	0x14cf978	312	rgb565
1553	E	E_MAINMENU_PLAYING	1	1	0x14cfab0	2	rgb565
1554	E	E_AAKEY32	18	12	0x14cfab2	432	rgb565
1555	E	E_AAKEY33	18	12	0x14cfc62	432	rgb565
1556	E	E_AAKEY35	18	11	0x14cfe12	396	rgb565
1557	E	E_AKEY32	21	13	0x14cff9e	546	rgb565
1558	E	E_AAKEY34	21	19	0x14d01c0	798	rgb565
1559	E	E_AAKEY36	21	19	0x14d04de	798	rgb565
1560	E	E_BATTC0	19	12	0x14d07fc	456	rgb565
1561	E	E_BATTC1	19	12	0x14d09c4	456	rgb565
1562	E	E_BATTC2	19	12	0x14d0b8c	456	rgb565
1563	E	E_BATTC3	19	12	0x14d0d54	456	rgb565
1564	E	E_BATTC4	19	12	0x14d0f1c	456	rgb565
1565	E	E_MUSIC_BACKGROUND1	320	170	0x14d10e4	108800	rgb565
1566	E	E_MUSIC_BACKGROUND2	159	100	0x14eb9e4	31800	rgb565
1567	E	E_AKEY32A	21	13	0x14f361c	546	rgb565
1568	E	E_MUSIC_BOTTOMA	158	17	0x14f383e	5372	rgb565
1569	E	E_SEL_ICONPART0A	120	14	0x14f4d3a	3360	rgb565
1570	E	E_SEL_ICONPART0B	96	14	0x14f5a5a	2688	rgb565
1571	E	E_SEL_ICONPART0C	95	14	0x14f64da	2660	rgb565
1572	E	D_VOLNUM_00	7	13	0x14f6f3e	182	rgb565
1573	E	D_VOLNUM_01	7	13	0x14f6ff4	182	rgb565
1574	E	D_VOLNUM_02	7	13	0x14f70aa	182	rgb565
1575	E	D_VOLNUM_03	7	13	0x14f7160	182	rgb565
1576	E	D_VOLNUM_04	7	13	0x14f7216	182	rgb565
1577	E	D_VOLNUM_05	7	13	0x14f72cc	182	rgb565
1578	E	D_VOLNUM_06	7	13	0x14f7382	182	rgb565
1579	E	D_VOLNUM_07	7	13	0x14f7438	182	rgb565
1580	E	D_VOLNUM_08	7	13	0x14f74ee	182	rgb565
1581	E	D_VOLNUM_09	7	13	0x14f75a4	182	rgb565
1582	E	D_VOLNUM_L	7	13	0x14f765a	182	rgb565
1583	E	D_VOLNUM_R	8	13	0x14f7710	208	rgb565
1584	E	D_VOLNUM_X	179	142	0x14f77e0	50836	rgb565
1585	E	D_VOLNUM_Y	7	15	0x1503e74	210	rgb565
1586	E	D_VOLNUM_YY	7	15	0x1503f46	210	rgb565
1587	E	D_VOLNUM_Z	1	8	0x1504018	16	rgb565
1588	E	E_MUSIC_B	137	127	0x1504028	34798	rgb565
1589	E	E_SETMENU_USERSEL01	24	127	0x150c816	6096	rgb565
1590	E	E_SETMENU_USERSEL02	24	11	0x150dfe6	528	rgb565
1591	E	E_SETMENU_USERNOSEL01	24	127	0x150e1f6	6096	rgb565
1592	E	E_SETMENU_USERNOSEL02	24	11	0x150f9c6	528	rgb565
1593	E	E_SETMENU_USEREQSETTING	320	170	0x150fbd6	108800	rgb565
1594	E	E_P_GREENC0	12	19	0x152a4d6	456	rgb565
1595	E	E_P_GREENC1	12	19	0x152a69e	456	rgb565
1596	E	E_P_GREENC2	12	19	0x152a866	456	rgb565
1597	E	E_P_GREENC3	12	19	0x152aa2e	456	rgb565
1598	E	E_P_GREENC4	12	19	0x152abf6	456	rgb565
1599	E	E_P_GREENC5	12	19	0x152adbe	456	rgb565
1600	E	E_P_GREENC6	12	19	0x152af86	456	rgb565
1601	E	E_P_GREENC7	12	19	0x152b14e	456	rgb565
1602	E	E_P_GREENC8	12	19	0x152b316	456	rgb565
1603	E	E_P_GREENC9	12	19	0x152b4de	456	rgb565
1604	E	E_USB_DAC	320	170	0x152b6a6	108800	rgb565
1605	E	E_USB_DATA	320	170	0x1545fa6	108800	rgb565
1606	E	E_USB_DACSHOW1	320	62	0x15608a6	39680	rgb565
1607	E	E_USB_DACSHOW2	320	62	0x156a3a6	39680	rgb565
1608	E	E_USB_DACSHOW3	320	62	0x1573ea6	39680	rgb565
1609	E	E_USB_DACSHOW4	320	62	0x157d9a6	39680	rgb565
1610	E	E_USB_DACSHOW5	320	62	0x15874a6	39680	rgb565
1611	E	E_USB_PLAYER	320	170	0x1590fa6	108800	rgb565
1612	E	E_USB_PLAYER1	320	62	0x15ab8a6	39680	rgb565
1613	E	E_USB_PLAYER2	320	62	0x15b53a6	39680	rgb565
1614	E	E_USB_PLAYER3	320	62	0x15beea6	39680	rgb565
1615	E	E_USB_PLAYER4	320	62	0x15c89a6	39680	rgb565
1616	E	E_USB_PLAYER5	320	62	0x15d24a6	39680	rgb565
